CSUS,18324
CSUS,90431
CSUS,100238
CSAU,30311
CSAU,29963
CSAU,7066
CSUS,28529
CSUS,7094
CSUS,147818
CSUS,36987
CSUS,36940
CSAU,32597
CSUS,32670
CSUS,51671
CSUS,10496
CSUS,112067
CSUS,8568
CSUK,43310
CSUS,29524
CSUS,141401
CSUS,79493
CSUS,70193
CSUS,146696
CSUS,35435
CSUS,24807
CSUS,24244
CSUS,25844
CSUS,36640
CSUS,35519
CSUS,123914
CSUS,137741
CSUS,17417
CSUS,124160
CSUS,56567
CSAU,14032
CSUK,1234
CSUS,27049
CSUS,79442
CSUS,33617
CSUS,79964
CSUS,25748
CSUS,26598
CSUK,44858
CSUS,35974
CSUS,26974
CSUS,132659
CSUK,15634
CSUS,129614
CSUS,125729
CSUS,32753
CSAU,7336
CSUS,22843
CSUS,10876
CSUS,25846
CSUS,27841
CSUS,25401
CSUS,11133
CSUS,25392
CSUS,19782
CSUS,124013
CSUS,26281
CSUS,34282
CSAU,9577
CSUK,22442
CSUS,25283
CSUS,24781
CSUS,25899
CSUS,17877
CSUS,39675
CSUS,30760
CSUS,146429
CSUS,18236
CSUS,26498
CSUS,30552
CSAU,15785
CSUS,37985
CSIN,50549
CSUS,76880
CSUS,29000
CSUS,7638
CSUK,13183
CSUK,44783
CSUS,32209
CSUS,17511
CSUS,33671
CSUS,88175
CSUS,125363
CSUS,24100
CSCA,113868
CSUK,42734
CSUS,35444
CSUS,144659
CSAU,21872
CSUS,39377
CSUS,22261
CSUS,25835
CSUS,17367
CSUS,33922
CSUS,143405
CSAU,9283
CSUS,70073
CSAU,31583
CSUS,24239
CSUS,24977
CSUK,20670
CSUS,25822
CSCA,112308
CSCA,113882
CSAU,16367
CSUS,77480
CSAU,14855
CSUS,24021
CSUS,87215
CSUS,124403
CSUS,10547
CSUS,23641
CSUS,25581
CSUS,25811
CSUS,67292
CSUS,72341
CSUS,146081
CSUS,37145
CSUS,130769
CSUS,22849
CSUK,27680
CSUS,127838
CSUS,136592
CSUS,24786
CSUK,13240
CSAU,7514
CSUS,67487
CSUK,17358
CSUK,41327
CSUS,130364
CSUS,29718
CSUS,18059
CSUS,31683
CSUK,49358
CSUS,133166
CSUS,134072
CSUS,7102
CSUS,39696
CSAU,32561
CSUS,33627
CSUK,19689
CSUS,25710
CSAU,11999
CSUS,24393
CSUS,87512
CSUS,25718
CSUS,126626
CSUS,138185
CSUK,17550
CSAU,27722
CSUS,21490
CSAU,9505
CSUS,33207
CSUS,25767
CSUK,16658
CSUS,138884
CSCA,111643
CSUS,65870
CSUS,33239
CSAU,30278
CSAU,23471
CSUS,315
CSUS,146690
CSUS,24312
CSUS,40118
CSUK,27638
CSUS,121220
CSUK,17845
CSUS,32193
CSAU,14866
CSAU,31640
CSUS,32332
CSIN,50246
CSUS,26615
CSIN,35342
CSUS,33618
CSUS,135827
CSUS,90329
CSUK,28412
CSAU,30293
CSUS,80600
CSUS,101
CSUS,19107
CSUS,36901
CSAU,7170
CSCA,112198
CSUS,22463
CSUK,43031
CSUS,26138
CSUS,59183
CSUS,145205
CSUK,4012
CSUS,36984
CSUS,26237
CSAU,31676
CSUS,145988
CSUS,32508
CSUK,26675
CSUS,12856
CSUS,29078
CSIN,41150
CSUS,36594
CSUS,89399
CSUS,84131
CSUK,45110
CSUK,12619
CSUS,26268
CSUS,49409
CSUS,25666
CSUS,33274
CSUS,126134
CSUS,135644
CSUS,36087
CSCA,110274
CSUS,133151
CSUK,42377
CSUS,69881
CSCA,114713
CSUS,141032
CSUS,14141
CSUS,83000
CSAU,13634
CSUS,24500
CSUS,10235
CSUS,130823
CSUS,84632
CSCA,113839
CSCA,113979
CSAU,21884
CSUS,71117
CSUS,33621
CSUS,39522
CSUS,32278
CSCA,112155
CSUS,48734
CSUS,116780
CSUS,140390
CSUS,25624
CSAU,9491
CSUS,125540
CSUS,1193
CSUK,41342
CSUS,116618
CSUS,10795
CSUS,83027
CSUS,86000
CSUS,141164
CSUS,31516
CSIN,50261
CSUS,24494
CSUS,32997
CSUS,61691
CSUS,139172
CSUS,106652
CSUS,11769
CSUS,13188
CSUS,30603
CSUK,31595
CSUS,137534
CSAU,9210
CSCA,110190
CSUS,25457
CSUS,130196
CSUS,35252
CSUK,18883
CSUS,73049
CSUK,42050
CSUS,25263
CSUS,25493
CSUK,14070
CSUK,25301
CSUS,17074
CSUS,33910
CSUS,25285
CSAU,30974
CSUS,124595
CSUS,137513
CSUK,17905
CSUS,5112
CSUS,115100
CSUS,20672
CSUS,12203
CSUS,24200
CSUS,40433
CSUS,32537
CSUS,17518
CSAU,14790
CSUS,10015
CSUS,66518
CSUS,146600
CSUS,84014
CSUS,26054
CSUS,26011
CSUS,139757
CSCA,111834
CSCA,114370
CSUS,33801
CSUS,48056
CSUS,132911
CSUS,36486
CSUS,130139
CSUS,117446
CSUS,86621
CSUS,119885
CSUS,26303
CSUS,34230
CSUS,25771
CSUK,25499
CSUS,36414
CSUS,19060
CSUS,26012
CSUS,37674
CSUS,97613
CSUS,24472
CSUS,32891
CSUS,127670
CSUS,4563
CSUS,73346
CSUK,8325
CSUS,63221
CSUS,76829
CSUS,25776
CSUS,12135
CSUS,38467
CSUS,88859
CSUS,29561
CSUS,121238
CSUS,17390
CSUS,144518
CSUS,32653
CSUS,24036
CSUS,116861
CSUS,26003
CSUS,26025
CSCA,113590
CSUS,25337
CSUS,76
CSUK,42206
CSUS,32284
CSUS,57182
CSUS,84689
CSUS,129968
CSUS,4425
CSUS,26873
CSUS,27181
CSCA,112583
CSUS,124523
CSUS,17839
CSUS,3124
CSUS,23826
CSAU,14840
CSCA,113894
CSUS,128672
CSCA,113405
CSUS,38187
CSUS,25897
CSUS,114239
CSCA,112809
CSUS,133244
CSUS,20795
CSUS,25997
CSUS,87131
CSUK,45278
CSUS,25762
CSUS,139235
CSUS,17846
CSUS,17346
CSUS,22938
CSUS,73391
CSUS,34476
CSUS,16666
CSUS,8715
CSUS,37213
CSCA,112278
CSUS,25639
CSUK,20264
CSUK,11888
CSUS,26944
CSUK,16720
CSUS,19762
CSAU,17141
CSUS,119615
CSCA,118139
CSUS,1829
CSUS,33730
CSUS,25951
CSUS,56546
CSUS,75722
CSUK,16769
CSUS,147140
CSIN,50075
CSUS,25315
CSCA,110655
CSUS,33196
CSUS,82055
CSUS,10512
CSUS,33998
CSUS,76817
CSUS,12233
CSUS,12356
CSUS,629
CSUS,139382
CSUS,69926
CSUK,4071
CSUS,17565
CSUS,24407
CSAU,30890
CSUS,52301
CSUS,25907
CSUS,35114
CSIN,50156
CSUS,83690
CSUS,32678
CSUS,24423
CSUS,39663
CSUS,26435
CSUS,147329
CSUK,39700
CSUS,129554
CSUK,42908
CSAU,7324
CSAU,10140
CSUS,140525
CSUS,52187
CSUK,18308
CSAU,19622
CSUS,85457
CSUK,28319
CSUS,84332
CSUK,17711
CSUS,25620
CSUS,37864
CSCA,112866
CSAU,20735
CSUS,30807
CSUS,27882
CSUS,16905
CSAU,29003
CSAU,13201
CSUS,17574
CSUS,84602
CSUS,136220
CSUS,32847
CSUS,34544
CSAU,9231
CSUS,130673
CSAU,9161
CSAU,14900
CSUS,13393
CSUS,139136
CSAU,25415
CSUS,637
CSUK,7270
CSUS,120977
CSUS,76820
CSUK,25931
CSAU,30716
CSCA,113908
CSUS,5903
CSAU,30305
CSUS,38498
CSUS,37592
CSAU,31967
CSUS,118928
CSUS,25952
CSUS,33720
CSUS,10956
CSUS,138128
CSUS,26378
CSUS,25909
CSUS,13043
CSUS,36649
CSUS,25657
CSUS,147194
CSUS,137867
CSUS,33028
CSUS,25274
CSUS,26548
CSUS,51350
CSUS,32563
CSUS,36115
CSUS,30321
CSUS,148928
CSUS,2735
CSUS,17571
CSUS,36088
CSUS,127109
CSUS,77561
CSUS,81473
CSUS,133220
CSUK,24782
CSIN,48296
CSUS,25725
CSUS,35925
CSUK,20804
CSUS,143774
CSAU,9123
CSUS,26484
CSUS,9769
CSUS,26920
CSUS,80831
CSAU,8986
CSUS,75461
CSUK,13823
CSUS,73313
CSUS,26223
CSUS,138104
CSUS,82991
CSAU,32339
CSUS,17387
CSUS,32375
CSUS,3110
CSUK,9301
CSUK,1377
CSUK,20124
CSUS,69578
CSUS,27159
CSUK,49346
CSUS,125405
CSUS,73712
CSUS,138098
CSUS,73154
CSUS,140957
CSIN,44393
CSUS,138509
CSUS,89429
CSAU,8702
CSUS,64898
CSUS,74486
CSUS,137477
CSAU,16340
CSUS,84788
CSUS,34039
CSUS,80648
CSAU,18746
CSUS,10586
CSUS,23983
CSUS,25614
CSUS,129152
CSUK,33767
CSUK,15621
CSUS,26832
CSCA,112022
CSUS,25634
CSUS,80132
CSIN,40994
CSUS,40431
CSUS,39820
CSUS,69680
CSUK,16869
CSAU,12108
CSUK,49457
CSAU,9618
CSUS,4670
CSUS,143954
CSUS,62537
CSUS,23859
CSUS,121175
CSAU,7535
CSCA,113709
CSUS,137021
CSUS,75989
CSUS,36208
CSAU,31274
CSAU,31802
CSUS,10009
CSUS,145736
CSUS,18061
CSUS,64490
CSUS,17903
CSUS,70211
CSUK,30242
CSAU,30518
CSAU,15647
CSUS,140714
CSUS,139718
CSUS,10474
CSUS,26143
CSUS,31790
CSUS,39898
CSAU,9499
CSUS,141233
CSUS,126212
CSUS,143477
CSUS,79514
CSUK,7099
CSUS,18902
CSUS,137717
CSUK,28403
CSUS,26351
CSUK,39634
CSAU,14435
CSUS,17840
CSUS,26518
CSUS,89804
CSUS,119297
CSUS,114560
CSUS,55502
CSUK,7602
CSUS,143381
CSUS,133262
CSUS,23977
CSAU,8768
CSUS,116972
CSUS,126005
CSUS,31805
CSUS,110600
CSUK,43619
CSAU,14529
CSAU,31448
CSUK,25946
CSAU,9572
CSCA,113649
CSUS,145808
CSUS,62360
CSUK,11833
CSUS,23783
CSUS,73160
CSIN,47582
CSUS,35134
CSUK,7916
CSUS,90362
CSUS,18845
CSUS,32369
CSUK,42632
CSUS,26753
CSUS,127019
CSUK,9705
CSUS,38150
CSUS,88283
CSUS,17153
CSUS,25450
CSUS,36918
CSUK,5958
CSUS,141584
CSUS,26940
CSUS,147752
CSUS,147488
CSUS,77417
CSUK,18885
CSUK,16827
CSUS,29454
CSUS,110627
CSUS,69176
CSUS,112100
CSUS,8608
CSUS,37268
CSUS,130424
CSUS,3488
CSUS,10149
CSUS,24961
CSUS,30564
CSCA,114059
CSUS,72146
CSUS,119576
CSUS,69503
CSUS,17027
CSUS,10846
CSUS,65270
CSUS,33591
CSUS,85220
CSAU,9379
CSUS,37819
CSUS,7427
CSUS,33356
CSCA,110134
CSUS,39440
CSUK,20627
CSUK,11511
CSCA,110887
CSUS,8067
CSUS,36331
CSUS,36266
CSUK,28304
CSUS,65360
CSUK,49718
CSUS,18022
CSUS,133139
CSAU,9791
CSUS,12904
CSUS,85841
CSAU,10695
CSUS,7806
CSUS,18489
CSUS,139730
CSUS,7106
CSUS,11740
CSUS,15987
CSUS,18301
CSUS,216
CSAU,16115
CSUS,148310
CSUS,35660
CSUS,38225
CSUS,147326
CSUS,72692
CSUS,89561
CSUS,26814
CSUS,36340
CSUS,36580
CSUS,32422
CSUS,31517
CSUS,35778
CSUS,7108
CSUS,33806
CSAU,31940
CSUS,3483
CSUK,15915
CSUS,10238
CSUS,93
CSCA,110009
CSUS,32967
CSUS,9986
CSAU,12386
CSCA,110410
CSUS,33696
CSUS,8747
CSUK,15406
CSUK,12418
CSUS,39495
CSUS,12229
CSUK,15087
CSUS,18783
CSUS,1079
CSUS,39601
CSUS,5807
CSUS,66920
CSIN,43937
CSAU,31442
CSUS,40986
CSUS,25732
CSUS,138212
CSUS,81455
CSUS,106520
CSUS,60725
CSUK,8388
CSUS,17541
CSUS,10718
CSUS,75194
CSUK,4325
CSUS,12209
CSUK,12075
CSUS,37556
CSUS,120644
CSUS,53150
CSUS,13262
CSUS,38413
CSUS,37176
CSUS,82334
CSUS,19954
CSUS,17443
CSUS,18562
CSUS,34904
CSUS,39426
CSUS,125180
CSUS,34948
CSUS,24210
CSUS,90326
CSUS,17418
CSAU,12988
CSUS,16052
CSUS,77657
CSUS,26629
CSUS,35484
CSUS,37336
CSUS,40630
CSUS,41025
CSUS,19224
CSUS,116624
CSUS,25536
CSUS,36989
CSUK,16521
CSUS,36643
CSUS,125420
CSUS,24661
CSUS,633
CSUK,18852
CSUS,1659
CSUS,20830
CSUS,40711
CSUS,136445
CSUS,32
CSUS,37807
CSUS,118298
CSUS,17458
CSUS,27079
CSUS,69065
CSUK,3329
CSUK,6931
CSUS,123851
CSUS,25528
CSUS,8716
CSUS,17319
CSUS,32514
CSUS,14399
CSUS,1105
CSCA,110137
CSUS,134858
CSUS,36296
CSUS,30545
CSUS,112103
CSUS,35515
CSUS,36357
CSUK,50873
CSCA,110827
CSUS,87389
CSUK,13430
CSUS,106853
CSUS,21961
CSAU,32114
CSUS,135434
CSUS,129833
CSUS,67007
CSUS,17845
CSUS,37044
CSUS,32387
CSUS,56801
CSUK,49211
CSAU,8887
CSUS,16971
CSUS,2616
CSUS,35332
CSUK,38897
CSAU,6986
CSAU,8761
CSUS,6643
CSUS,114335
CSUS,16549
CSUS,69887
CSUS,89583
CSUS,30756
CSUS,141482
CSCA,110832
CSIN,47588
CSUS,10572
CSUS,147746
CSUK,50762
CSAU,15791
CSUS,6319
CSAU,7367
CSUS,12408
CSCA,110529
CSCA,111250
CSUS,147344
CSUS,36123
CSUK,34091
CSUS,12288
CSUS,25611
CSUS,124820
CSUS,102701
CSUS,18908
CSUS,36483
CSUS,35208
CSUS,49
CSUS,26036
CSUS,10215
CSUS,17162
CSUS,17078
CSUS,24389
CSUS,148394
CSAU,9357
CSUS,6245
CSUS,125651
CSUS,11405
CSCA,112471
CSUS,114611
CSUS,13618
CSAU,7010
CSUS,14452
CSUS,15129
CSUS,36944
CSUS,24426
CSAU,7016
CSUS,10160
CSUS,11177
CSAU,11184
CSUS,3129
CSUS,73658
CSUK,4188
CSUS,28338
CSUK,49388
CSUS,133352
CSAU,7641
CSUS,23842
CSUS,34141
CSUS,53867
CSUS,145283
CSUK,17154
CSUS,127700
CSUS,37814
CSUS,4441
CSUS,77189
CSUS,7587
CSUS,9685
CSUS,3470
CSCA,113230
CSAU,7618
CSUS,36713
CSCA,110699
CSUS,19092
CSUS,22310
CSUS,11404
CSAU,14718
CSUS,13622
CSUS,26471
CSUS,37355
CSUS,79760
CSUK,19056
CSUK,42482
CSAU,16352
CSUK,44675
CSUK,27869
CSUS,15061
CSUS,5925
CSUS,5879
CSUS,17425
CSUS,29744
CSUS,30233
CSUS,147581
CSUS,6660
CSUS,40529
CSUK,19141
CSUS,77729
CSUS,6195
CSUS,11095
CSUS,146123
CSUS,34098
CSUS,59984
CSUS,33877
CSUS,9212
CSUK,15293
CSUS,37797
CSUS,58958
CSUS,133127
CSUK,3075
CSUS,38054
CSUS,28300
CSUS,67502
CSUS,24276
CSUS,147917
CSUS,120389
CSUS,36421
CSUS,26766
CSUK,7345
CSUS,6796
CSAU,9525
CSCA,110020
CSUS,21189
CSUS,35246
CSUK,16723
CSUS,17326
CSUS,39622
CSUS,58712
CSUK,18886
CSCA,112452
CSUS,53120
CSUS,20861
CSUS,116999
CSUK,5388
CSUS,20490
CSUS,21074
CSUS,4233
CSUS,12323
CSUS,39891
CSUS,36947
CSUS,25892
CSUS,67613
CSAU,30236
CSUS,126590
CSUS,112049
CSUS,34284
CSUK,16779
CSUS,40
CSUS,11064
CSUS,42017
CSUS,24385
CSUK,25742
CSUS,19736
CSUS,23598
CSUS,35516
CSCA,115152
CSUS,12150
CSUS,16577
CSUS,67283
CSUS,134303
CSUS,10534
CSUS,1048
CSUS,130334
CSCA,114141
CSUS,9988
CSAU,9443
CSUS,9780
CSUS,36480
CSUS,131996
CSUS,1678
CSUS,106874
CSUS,25594
CSUS,35384
CSUS,27717
CSUS,32096
CSUS,36062
CSUS,43925
CSUS,4186
CSAU,32789
CSUS,12278
CSUS,63698
CSUS,64865
CSUS,81647
CSUK,13978
CSUK,42131
CSUS,147074
CSUS,38164
CSUS,23020
CSUS,28580
CSUS,86729
CSCA,115238
CSUS,16378
CSUS,38012
CSUS,25967
CSUK,11948
CSUS,38642
CSUS,147380
CSUS,77372
CSUS,81920
CSUS,10966
CSAU,9341
CSCA,110387
CSUS,131246
CSUS,23770
CSUS,35399
CSUK,7065
CSUK,5439
CSUS,142094
CSUS,40113
CSUS,38035
CSUS,132908
CSUS,1555
CSUS,124349
CSUS,14418
CSUS,35575
CSUS,32603
CSUK,17972
CSUS,38082
CSUS,55631
CSUK,39976
CSUK,11954
CSUS,8596
CSUS,37863
CSUS,116687
CSUK,563
CSUK,28706
CSUS,38140
CSUS,26626
CSUK,1919
CSUK,17813
CSUS,55076
CSUS,24559
CSUS,30270
CSUS,31700
CSAU,9507
CSCA,110341
CSUS,16576
CSUS,130433
CSUS,147671
CSUS,9082
CSUS,52652
CSUS,28969
CSUS,138287
CSUS,124817
CSUS,10537
CSUS,2784
CSUS,20194
CSUS,26735
CSUS,18115
CSUS,26738
CSUS,113582
CSUK,6747
CSUK,29666
CSCA,110804
CSUS,5829
CSUS,37699
CSUS,8144
CSUS,13247
CSUS,114872
CSCA,110581
CSUS,2260
CSUS,17868
CSUS,27903
CSUS,36196
CSUK,30233
CSUS,6777
CSUS,39565
CSUS,11060
CSUK,9317
CSUS,15761
CSUS,12398
CSUS,52535
CSAU,17051
CSUS,8206
CSUS,23798
CSUS,24433
CSUS,118172
CSUK,12184
CSUS,7100
CSUS,37065
CSUS,37575
CSUS,40405
CSUS,55508
CSUS,126029
CSUS,1191
CSUK,42182
CSAU,9413
CSAU,14948
CSUS,17474
CSUS,23667
CSUS,88157
CSUK,7872
CSUS,5926
CSUS,8064
CSUS,9871
CSUS,10151
CSUS,7955
CSUK,2294
CSUS,145619
CSUS,19758
CSUS,77996
CSUS,86834
CSUK,18824
CSUS,20341
CSUS,22268
CSUS,25754
CSAU,14741
CSCA,112057
CSUS,10666
CSUS,28036
CSUS,48833
CSUS,66902
CSUS,76013
CSUS,60860
CSUK,12912
CSCA,110256
CSCA,110443
CSCA,113858
CSUS,147431
CSUS,36662
CSUS,49280
CSUK,10967
CSUS,12274
CSUS,17293
CSUS,25379
CSUS,15167
CSUS,34155
CSUS,19938
CSUS,39760
CSUS,17266
CSUK,12272
CSUK,36572
CSUS,32219
CSUS,36481
CSUS,35826
CSUS,126818
CSUS,17031
CSUS,17926
CSUS,36831
CSAU,16028
CSUS,147392
CSUS,19227
CSUS,27014
CSUS,66875
CSUS,1078
CSUS,3523
CSUS,36816
CSUS,16551
CSUS,147590
CSUK,3746
CSUK,4429
CSAU,7554
CSUS,129
CSUS,1635
CSUS,41056
CSUS,9301
CSUS,17566
CSUS,23800
CSUS,24052
CSUK,50291
CSCA,112157
CSUS,2132
CSUS,4536
CSUS,8449
CSUS,10854
CSUS,112256
CSUS,32430
CSUS,30606
CSUS,32364
CSUS,40267
CSUK,251
CSUS,32869
CSUS,24008
CSUS,16363
CSUS,27233
CSUS,31453
CSUS,7651
CSUK,50756
CSCA,110226
CSUS,38274
CSUS,138083
CSUS,146444
CSUS,27274
CSCA,113224
CSUS,8799
CSUS,34074
CSUS,69770
CSUS,77855
CSUS,84341
CSUK,24656
CSUS,119624
CSUS,27586
CSUS,36120
CSUS,82502
CSUS,71915
CSUS,23003
CSUS,2395
CSUS,10890
CSUS,11371
CSUS,18244
CSUS,130598
CSUS,312
CSUS,23247
CSUS,28090
CSUS,13920
CSUS,10693
CSUS,13275
CSUS,80225
CSUK,14179
CSUK,2014
CSUS,8933
CSUS,36479
CSUS,36107
CSUK,12497
CSUS,142163
CSUS,37477
CSUS,9623
CSUS,10171
CSUS,29933
CSUS,40607
CSUS,37245
CSUS,140996
CSAU,8428
CSUS,17573
CSUS,126014
CSUS,32632
CSUS,35891
CSUS,3978
CSUS,132026
CSUK,36689
CSAU,30299
CSCA,116105
CSUS,114464
CSUK,10496
CSUS,529
CSUS,1909
CSUS,4197
CSUS,89351
CSUS,26279
CSUS,126137
CSUS,116684
CSUS,20186
CSUS,36559
CSUS,71057
CSUS,35659
CSUS,126203
CSUS,147464
CSUS,17126
CSUS,17717
CSUS,10527
CSUS,33054
CSUS,114983
CSUS,37823
CSUS,7613
CSUS,22058
CSUS,24190
CSAU,9196
CSUS,8526
CSUS,124388
CSUS,42008
CSUS,130358
CSUS,12324
CSUK,42170
CSUS,7103
CSUS,8171
CSUS,11989
CSUS,18552
CSUS,146987
CSUS,30809
CSUK,44480
CSCA,114058
CSUK,41579
CSUS,1781
CSUS,40469
CSUS,7950
CSUS,127976
CSCA,110093
CSCA,114751
CSUS,209
CSUS,1107
CSUS,10598
CSUS,14704
CSUS,12934
CSUS,10998
CSUK,230
CSAU,9538
CSUS,98087
CSUS,30410
CSUS,37297
CSUK,26279
CSUS,611
CSUS,18884
CSUS,17870
CSUS,15594
CSUS,12019
CSUS,17624
CSUS,34274
CSUK,7870
CSUS,31938
CSUS,20374
CSUS,28802
CSUS,34669
CSCA,111557
CSCA,110273
CSUS,593
CSUS,17745
CSUS,36358
CSUS,28052
CSUS,12696
CSUS,18463
CSUS,40593
CSUS,30491
CSUS,33676
CSUS,114533
CSUK,3296
CSCA,111538
CSUS,17634
CSUS,18957
CSUS,393
CSUK,2387
CSAU,8952
CSUS,2650
CSUS,31644
CSUS,11650
CSUS,55895
CSUS,29780
CSUS,9687
CSUK,6797
CSCA,113390
CSUS,3490
CSUS,10434
CSUS,11198
CSUS,27441
CSUS,892
CSUS,17176
CSUS,17472
CSUS,35958
CSUK,24554
CSAU,9337
CSUS,417
CSUS,4088
CSUS,1691
CSUS,37204
CSUS,68432
CSUS,88787
CSUS,147869
CSUS,2574
CSUS,31582
CSUK,7238
CSUS,1259
CSUS,36835
CSUS,10281
CSUS,10307
CSUS,12857
CSUK,272
CSAU,7302
CSAU,20591
CSCA,115403
CSUS,38683
CSUS,26660
CSUS,32424
CSUS,76763
CSUS,37376
CSUS,11140
CSUS,11495
CSUS,20437
CSUS,3022
CSUS,29099
CSUS,17306
CSUS,74027
CSUK,22190
CSAU,8382
CSUS,23751
CSUS,26634
CSUS,74675
CSUK,636
CSUS,8625
CSUS,11528
CSUS,33670
CSUS,32833
CSCA,110310
CSUS,132923
CSUS,27020
CSUS,58901
CSUS,26922
CSAU,14242
CSUS,10375
CSUS,10699
CSUS,24711
CSUS,57977
CSUS,66419
CSUS,67967
CSUS,87917
CSUS,36131
CSUK,7258
CSUS,1334
CSUS,9563
CSUS,9710
CSUS,10817
CSUS,19666
CSUS,39284
CSUS,28008
CSUS,31566
CSUS,83888
CSUS,147740
CSUK,19640
CSUS,11485
CSUS,33719
CSUS,35752
CSUS,55718
CSAU,30659
CSCA,111562
CSUS,10140
CSUS,110750
CSUK,2455
CSUS,1148
CSUS,1787
CSUS,18108
CSUS,17471
CSUS,34930
CSUK,16724
CSUK,7452
CSAU,7069
CSAU,8481
CSAU,8950
CSUS,179
CSUS,112367
CSUS,19726
CSUS,30098
CSUK,16529
CSCA,110772
CSUS,10633
CSUS,10407
CSUS,13746
CSUS,118628
CSUS,15381
CSUS,24304
CSUK,16588
CSUK,17973
CSUK,1845
CSIN,49097
CSUS,147389
CSUS,33935
CSUS,36567
CSUK,897
CSUK,798
CSUS,98264
CSUS,106616
CSUS,8610
CSUS,16111
CSUS,17552
CSUS,34254
CSUS,67661
CSUS,147848
CSUK,2828
CSUK,11828
CSUK,17051
CSUS,33228
CSUS,37520
CSUS,69602
CSUS,28982
CSUS,25165
CSUS,12241
CSAU,16475
CSUS,12319
CSUS,18349
CSUS,70844
CSUS,10975
CSUS,18192
CSUS,29852
CSUK,3983
CSCA,114289
CSUS,17673
CSUS,1033
CSUS,1314
CSUS,119603
CSUS,6349
CSUS,18137
CSUS,21756
CSUS,30926
CSUS,56042
CSUS,34989
CSUS,36961
CSUS,113618
CSUS,1014
CSUS,5472
CSUS,118835
CSUS,20634
CSUS,30009
CSUS,40417
CSUS,19552
CSUK,1279
CSAU,15779
CSAU,10259
CSUS,280
CSUS,903
CSUS,1339
CSUS,127814
CSUS,10421
CSUS,11885
CSUS,12037
CSUS,18796
CSUS,23936
CSUS,65051
CSUS,36135
CSIN,38267
CSUS,8626
CSUS,9913
CSUS,11170
CSUS,33690
CSUS,12864
CSUS,31090
CSUS,83861
CSUS,381
CSUS,148190
CSUK,2753
CSUK,12379
CSUS,21021
CSUS,56051
CSUS,83336
CSUS,36136
CSUS,6204
CSUS,77
CSUK,2515
CSAU,7130
CSAU,8585
CSCA,110047
CSUK,17276
CSUS,16518
CSUS,35073
CSUS,11220
CSUS,17304
CSUS,24600
CSAU,23705
CSAU,21524
CSCA,110151
CSCA,113863
CSUS,39390
CSUS,9861
CSUS,11588
CSUS,13481
CSUS,22068
CSUS,28875
CSUS,135368
CSUS,37031
CSUS,61025
CSUS,11086
CSUK,32942
CSAU,13247
CSUS,244
CSUS,23746
CSUS,26258
CSUS,17738
CSUS,51665
CSUS,36589
CSUS,10678
CSUS,14239
CSUS,17316
CSUS,30423
CSUS,133391
CSUK,15919
CSUK,16079
CSAU,11040
CSCA,112982
CSUK,172
CSUS,5953
CSUS,4237
CSUS,7342
CSUS,10523
CSUS,11329
CSUS,11544
CSUS,16210
CSUS,29490
CSUS,4202
CSAU,31838
CSIN,38741
CSUS,10595
CSUS,16816
CSUS,37098
CSUS,10602
CSUS,36134
CSUS,1893
CSUS,5346
CSUS,9616
CSUS,10542
CSUS,13887
CSUS,17350
CSUS,20964
CSUS,89180
CSUK,41114
CSAU,8123
CSUS,10489
CSUS,32660
CSUS,30212
CSUS,37321
CSUK,370
CSAU,19841
CSAU,13050
CSCA,112412
CSCA,114753
CSUS,428
CSUS,483
CSUS,39709
CSUS,6179
CSUS,3200
CSUS,12256
CSUS,7854
CSUS,8107
CSUS,8857
CSUS,24458
CSUS,39379
CSUS,39400
CSUS,55871
CSUK,7575
CSCA,115021
CSUS,141488
CSUS,35320
CSUS,35875
CSUS,37316
CSUK,2785
CSUK,4922
CSAU,10554
CSCA,110175
CSUS,8082
CSUS,10930
CSUS,11156
CSUS,11521
CSUS,11581
CSUS,10404
CSUS,130556
CSUK,7410
CSUK,11922
CSUK,18213
CSCA,110326
CSUS,4267
CSUS,497
CSUS,5552
CSUS,37693
CSUS,17058
CSUS,13740
CSUS,120743
CSUS,147428
CSUS,132863
CSUS,31203
CSUS,61115
CSUS,223
CSUK,5952
CSUK,3304
CSAU,9490
CSCA,110696
CSCA,110176
CSUS,283
CSUS,1140
CSUS,2069
CSUS,11750
CSUS,36775
CSUS,13449
CSUS,16129
CSUS,12853
CSUS,21
CSUS,5065
CSUS,9288
CSUS,5900
CSUS,13368
CSUS,39966
CSUS,31035
CSUS,309
CSUK,4091
CSUK,3191
CSAU,14260
CSCA,110617
CSCA,110697
CSUS,3689
CSUS,5763
CSUS,9077
CSUS,11131
CSUS,17739
CSUS,10148
CSUS,37496
CSUS,36185
CSUS,1986
CSUS,3149
CSCA,113079
CSUS,1845
CSUS,114140
CSUS,34213
CSUS,10607
CSUK,13595
CSCA,110322
CSUS,38996
CSUS,2660
CSUS,4975
CSUS,27125
CSUS,11819
CSUS,14927
CSUS,17659
CSUS,37843
CSUS,146978
CSUS,29638
CSUS,34268
CSUS,14226
CSAU,7024
CSUS,89689
CSUS,1075
CSUS,17102
CSUS,6663
CSUS,8015
CSUS,17213
CSUS,10494
CSUS,10993
CSUS,37524
CSUS,22918
CSUS,25704
CSUS,32989
CSUS,124652
CSUS,112334
CSUS,1206
CSUK,5029
CSUK,11498
CSAU,9786
CSCA,113592
CSUS,90833
CSUS,2321
CSUS,4368
CSUS,6401
CSUS,79424
CSUS,136268
CSUS,18526
CSUS,23408
CSUS,25271
CSUS,35700
CSUS,7882
CSUK,13045
CSAU,7457
CSCA,110325
CSCA,110870
CSUS,5486
CSUS,18826
CSUS,11139
CSUS,147332
CSUS,57161
CSUS,85502
CSUK,3972
CSUK,5010
CSUK,6195
CSCA,110365
CSUS,297
CSUS,8798
CSUS,9253
CSUS,10359
CSUS,11836
CSUS,13339
CSUS,17335
CSUS,38147
CSUS,130136
CSUS,8209
CSUS,11214
CSUS,1132
CSUS,3031
CSUS,138089
CSUS,27131
CSUS,37781
CSUS,26305
CSUS,36547
CSUS,39975
CSUS,1830
CSUS,17209
CSUK,120
CSUK,16505
CSUK,11943
CSUK,45272
CSAU,14141
CSCA,117944
CSUS,38825
CSUS,183
CSUS,3688
CSUS,1688
CSUS,4730
CSUS,6665
CSUS,9847
CSUS,12011
CSUS,26737
CSUS,35971
CSUS,7616
CSUS,16851
CSUS,11107
CSUS,38043
CSUS,25554
CSUS,27702
CSUS,35272
CSAU,7329
CSAU,16274
CSAU,11131
CSUS,4463
CSUS,624
CSUS,6194
CSUS,90533
CSUS,20828
CSUS,21755
CSUS,130211
CSUK,652
CSUK,2309
CSUK,19669
CSUS,9374
CSUS,10341
CSUS,10889
CSUS,12062
CSUS,14304
CSUS,128393
CSUS,23168
CSUS,36800
CSUS,34035
CSUS,22853
CSUK,94
CSUK,14107
CSUS,10
CSUS,603
CSUS,1297
CSUS,8579
CSUS,2036
CSUS,4134
CSUS,8057
CSUS,13705
CSUS,14347
CSUS,24275
CSUS,120896
CSUS,3871
CSUS,23696
CSUS,299
CSUK,213
CSUS,385
CSUS,7581
CSUS,40186
CSUS,12191
CSUS,12916
CSUS,18675
CSUS,20491
CSUS,90503
CSUS,36644
CSUS,112343
CSUS,1188
CSUK,16783
CSUK,2343
CSAU,10870
CSUS,402
CSUS,1636
CSUS,5928
CSUS,4929
CSUS,10189
CSUS,11503
CSUS,11639
CSUS,35571
CSUS,22206
CSUS,23647
CSUS,32840
CSUS,37613
CSUS,58811
CSUS,76583
CSUS,83
CSAU,9355
CSUS,15
CSUS,19769
CSUS,5325
CSUS,36114
CSUS,8116
CSUS,18531
CSUS,26554
CSUS,40223
CSUS,65465
CSUS,85442
CSUS,18381
CSUK,3328
CSUK,4783
CSAU,7450
CSCA,112024
CSUS,586
CSUS,772
CSUS,1145
CSUS,1155
CSUS,15564
CSUS,10495
CSUS,11096
CSUS,11137
CSUS,110498
CSUS,5467
CSUS,9300
CSUK,4283
CSAU,8165
CSUS,52
CSUS,178
CSUS,682
CSUS,1151
CSUS,2195
CSUS,6637
CSUS,8117
CSUS,8185
CSUS,8198
CSUS,8606
CSUS,10477
CSUS,12318
CSUS,14659
CSUS,12534
CSUS,22970
CSUS,21505
CSUS,148367
CSUK,1233
CSUK,9110
CSAU,11157
CSCA,110109
CSUS,331
CSUS,1101
CSUS,18277
CSUS,31973
CSUS,3115
CSUS,13592
CSUS,15575
CSUS,15911
CSUS,19760
CSUS,30759
CSUS,22102
CSUS,26080
CSUS,37666
CSUS,30198
CSUS,56816
CSUS,1
CSUS,6225
CSUK,29234
CSUK,1909
CSIN,35555
CSUS,4093
CSUS,414
CSUS,479
CSUS,3959
CSUS,17269
CSUS,1401
CSUS,37278
CSUS,39456
CSUS,10301
CSUS,10914
CSUS,12756
CSUS,12966
CSUS,25421
CSUS,39363
CSUS,18112
CSUS,7593
CSUK,7161
CSAU,7070
CSCA,110007
CSCA,111418
CSUS,8331
CSUS,3775
CSUS,3145
CSUS,7198
CSUS,38282
CSUS,10347
CSUS,12962
CSUS,17188
CSUS,26030
CSUK,16490
CSAU,14853
CSCA,110157
CSUS,119612
CSUS,7836
CSUS,8164
CSUS,14306
CSUS,11264
CSUS,14137
CSUS,15114
CSUS,21742
CSUS,25266
CSUS,81008
CSUS,147797
CSUK,2410
CSUK,4746
CSUK,6270
CSAU,12525
CSAU,30653
CSCA,114142
CSIN,36911
CSUS,17358
CSUS,8069
CSUS,10124
CSUS,13313
CSUS,19863
CSUS,35296
CSUS,18215
CSUS,16042
CSUS,24077
CSUS,36285
CSUK,21086
CSUK,17855
CSAU,8042
CSAU,8670
CSCA,110110
CSCA,110276
CSUS,17866
CSUS,7542
CSUS,8074
CSUS,11319
CSUS,35547
CSUS,118988
CSUS,17134
CSUS,19903
CSUS,23739
CSUS,35242
CSUS,68858
CSUS,147728
CSUS,6710
CSUS,48
CSUK,2082
CSUK,7613
CSUK,10244
CSUK,667
CSAU,10542
CSCA,112979
CSCA,111156
CSUK,19826
CSUS,920
CSUS,1195
CSUS,1276
CSUS,3260
CSUS,5462
CSUS,9354
CSUS,13101
CSUS,14557
CSUS,15358
CSUS,25782
CSUS,19562
CSUS,10913
CSUS,57710
CSUS,59354
CSUK,2304
CSUK,4680
CSUK,15916
CSUK,7749
CSUK,188
CSAU,15644
CSCA,110002
CSUS,104
CSUS,2105
CSUS,11800
CSUS,15143
CSUS,17488
CSUS,19052
CSUS,32018
CSUS,32057
CSUS,134993
CSUS,19094
CSUS,27888
CSUS,124574
CSUS,17181
CSUK,644
CSUK,645
CSAU,7061
CSAU,8325
CSCA,110549
CSCA,116234
CSUK,7078
CSUS,16
CSUS,5789
CSUS,510
CSUS,2304
CSUS,31692
CSUS,7405
CSUS,8130
CSUS,8258
CSUS,10674
CSUS,12717
CSUS,34610
CSUS,14163
CSUS,34415
CSUS,27440
CSUS,127577
CSUS,34076
CSUS,26313
CSUS,112541
CSUS,129881
CSUS,75881
CSUS,8628
CSUS,20585
CSUK,56
CSUK,485
CSUK,1689
CSUK,18043
CSUK,2538
CSUK,5338
CSUK,3048
CSCA,110001
CSCA,110610
CSUS,635
CSUS,931
CSUS,1220
CSUS,1897
CSUS,3198
CSUS,5335
CSUS,9064
CSUS,11090
CSUS,11826
CSUS,33550
CSUS,36027
CSUS,69785
CSUS,8115
CSUS,8106
CSUK,26
CSUK,1544
CSUK,17593
CSUK,2949
CSUK,4227
CSAU,8438
CSAU,15119
CSCA,110616
CSUS,501
CSUS,7112
CSUS,16925
CSUS,10297
CSUS,10371
CSUS,10973
CSUS,39459
CSUS,22357
CSUS,26854
CSUS,27367
CSUS,27710
CSUS,28906
CSUS,36764
CSUS,62639
CSUK,48
CSUK,18042
CSUK,8694
CSAU,7738
CSCA,110105
CSCA,111240
CSCA,110329
CSUS,24
CSUS,490
CSUS,3782
CSUS,1150
CSUS,7566
CSUS,17105
CSUS,1754
CSUS,2010
CSUS,8196
CSUS,9736
CSUS,10145
CSUS,10707
CSUS,11225
CSUS,12588
CSUS,36533
CSUS,13228
CSUS,18568
CSUS,29397
CSUS,34030
CSUS,35501
CSUS,37393
CSUS,6644
CSUS,148328
CSUK,66
CSUK,7949
CSUS,1844
CSUS,5987
CSUS,4168
CSUS,8147
CSUS,8646
CSUS,17120
CSUS,10376
CSUS,12689
CSUS,13117
CSUS,13768
CSUS,37744
CSUS,17469
CSUS,23990
CSUS,24529
CSUS,26053
CSUS,27292
CSUS,8173
CSUS,17597
CSUK,1447
CSUK,2692
CSUK,8216
CSUK,28367
CSUK,434
CSAU,14296
CSUS,117
CSUS,6203
CSUS,5831
CSUS,16848
CSUS,1121
CSUS,1178
CSUS,1542
CSUS,2723
CSUS,2836
CSUS,17964
CSUS,7217
CSUS,10549
CSUS,10673
CSUS,10780
CSUS,11547
CSUS,11999
CSUS,17159
CSUS,52697
CSUS,31325
CSUS,32467
CSUS,66953
CSUS,18438
CSUS,31880
CSUS,12819
CSUS,18982
CSUS,9726
CSUK,17343
CSUK,1888
CSUK,4817
CSUK,9746
CSUK,265
CSAU,11127
CSAU,19703
CSCA,110144
CSUS,429
CSUS,496
CSUS,17053
CSUS,4191
CSUS,1181
CSUS,3973
CSUS,1328
CSUS,8177
CSUS,11238
CSUS,12015
CSUS,12139
CSUS,12352
CSUS,12886
CSUS,13306
CSUS,116675
CSUS,13960
CSUS,18167
CSUS,15590
CSUS,16423
CSUS,18485
CSUS,23827
CSUS,31989
CSUS,30123
CSUS,31628
CSUS,40099
CSUS,9679
CSUK,553
CSUK,1540
CSUK,13260
CSUK,15369
CSUK,1787
CSUK,5653
CSUK,10831
CSAU,8348
CSUS,262
CSUS,879
CSUS,9642
CSUS,88766
CSUS,147518
CSUS,7053
CSUS,8077
CSUS,8633
CSUS,9523
CSUS,13039
CSUS,15652
CSUS,17498
CSUS,18272
CSUS,34960
CSUS,19062
CSUS,3791
CSUS,34096
CSUS,36129
CSUS,55661
CSUS,57248
CSUS,11088
CSUS,9727
CSUK,2012
CSUK,7839
CSUK,4844
CSUK,5219
CSUK,130
CSUK,11730
CSUK,16034
CSAU,7093
CSAU,10804
CSAU,11247
CSCA,113098
CSIN,43865
CSUS,11023
CSUS,39070
CSUS,1228
CSUS,5496
CSUS,35581
CSUS,2038
CSUS,27972
CSUS,4449
CSUS,6612
CSUS,7445
CSUS,7534
CSUS,9741
CSUS,9763
CSUS,12162
CSUS,16888
CSUS,12523
CSUS,12845
CSUS,13147
CSUS,15375
CSUS,24640
CSUS,38174
CSUS,40091
CSUS,147809
CSUS,590
CSUK,6919
CSUK,2141
CSUK,3560
CSUK,5570
CSUK,15785
CSUK,7403
CSUK,2477
CSAU,15827
CSAU,18701
CSCA,110189
CSUS,38788
CSUS,362
CSUS,383
CSUS,509
CSUS,690
CSUS,833
CSUS,889
CSUS,3491
CSUS,8564
CSUS,16917
CSUS,2781
CSUS,9803
CSUS,11259
CSUS,12315
CSUS,14080
CSUS,15648
CSUS,16115
CSUS,17324
CSUS,19728
CSUS,54467
CSUS,24733
CSUS,25821
CSUS,51713
CSUS,115550
CSUS,37939
CSUS,76718
CSUS,83771
CSUS,111650
CSUS,28937
CSUK,330
CSUK,4735
CSUK,6006
CSUK,7333
CSUK,647
CSUK,93
CSAU,9479
CSCA,110609
CSCA,110727
CSUS,630
CSUS,17166
CSUS,1036
CSUS,1244
CSUS,1786
CSUS,1791
CSUS,3171
CSUS,7486
CSUS,7725
CSUS,9921
CSUS,12322
CSUS,12401
CSUS,12560
CSUS,13623
CSUS,37206
CSUS,15074
CSUS,15325
CSUS,18120
CSUS,90059
CSUS,18981
CSUS,89849
CSUS,20329
CSUS,37533
CSUS,23925
CSUS,32014
CSUS,32081
CSUS,58040
CSUS,164
CSUS,8188
CSUK,554
CSUK,625
CSUK,2130
CSUK,2241
CSUK,3406
CSUK,3797
CSUK,3981
CSUK,4719
CSUK,6487
CSUK,9504
CSUK,462
CSAU,6926
CSIN,35900
CSIN,40781
CSUS,5864
CSUS,1146
CSUS,6105
CSUS,1756
CSUS,1898
CSUS,2422
CSUS,6474
CSUS,8099
CSUS,9606
CSUS,16846
CSUS,10166
CSUS,10669
CSUS,10694
CSUS,13244
CSUS,13579
CSUS,15322
CSUS,15837
CSUS,19314
CSUS,19634
CSUS,23891
CSUS,36900
CSUS,40429
CSUS,34120
CSUS,6661
CSUS,10230
CSUS,19580
CSUS,12755
CSUK,16
CSUK,362
CSUK,16023
CSUK,2261
CSUK,2419
CSUK,2911
CSUK,3050
CSUK,5188
CSUK,5269
CSUK,7348
CSUK,9305
CSUK,11797
CSUS,317
CSUS,409
CSUS,512
CSUS,5918
CSUS,963
CSUS,1190
CSUS,15913
CSUS,17135
CSUS,1789
CSUS,6113
CSUS,2638
CSUS,4620
CSUS,7216
CSUS,7412
CSUS,8199
CSUS,18117
CSUS,10606
CSUS,10660
CSUS,11971
CSUS,52709
CSUS,20946
CSUS,40543
CSUS,55649
CSUS,59480
CSUS,1249
CSUS,505
CSUS,16611
CSUK,1201
CSUK,1331
CSUK,2336
CSUK,3003
CSUK,3290
CSUK,3974
CSUK,5791
CSUK,6182
CSUK,8535
CSUK,8959
CSUK,16116
CSUK,8481
CSUK,19627
CSAU,9176
CSCA,110638
CSCA,110798
CSCA,110257
CSIN,36335
CSUS,163
CSUS,708
CSUS,1201
CSUS,17700
CSUS,2027
CSUS,2216
CSUS,5154
CSUS,6679
CSUS,16570
CSUS,7401
CSUS,7605
CSUS,7881
CSUS,8243
CSUS,8774
CSUS,8900
CSUS,9010
CSUS,9089
CSUS,9327
CSUS,9764
CSUS,14819
CSUS,18114
CSUS,20057
CSUS,32865
CSUS,22851
CSUS,26002
CSUS,28431
CSUS,42437
CSUS,1095
CSUS,20095
CSUS,90089
CSUK,24
CSUK,41
CSUK,286
CSUK,940
CSUK,488
CSUK,639
CSUK,1550
CSUK,16163
CSUK,2201
CSUK,2838
CSUK,2983
CSUK,3414
CSUK,6822
CSUK,7213
CSUK,8100
CSUK,9463
CSUK,1361
CSCA,110268
CSCA,110279
CSCA,111243
CSCA,113085
CSIN,40607
CSUS,8
CSUS,5542
CSUS,303
CSUS,406
CSUS,687
CSUS,16527
CSUS,17602
CSUS,1317
CSUS,5895
CSUS,2492
CSUS,3297
CSUS,4336
CSUS,4570
CSUS,16690
CSUS,7310
CSUS,7694
CSUS,7769
CSUS,8101
CSUS,9614
CSUS,10500
CSUS,12173
CSUS,13128
CSUS,17948
CSUS,17998
CSUS,18371
CSUS,25563
CSUS,31428
CSUS,23919
CSUS,26070
CSUS,30742
CSUS,35739
CSUS,89960
CSUS,144
CSUS,148385
CSUK,242
CSUK,13740
CSUK,792
CSUK,2961
CSUK,1417
CSUK,1468
CSUK,1474
CSUK,15398
CSUK,18201
CSUK,42359
CSUK,1954
CSUK,2567
CSUK,4066
CSUK,4432
CSUK,4663
CSUK,4905
CSUK,5929
CSUK,6338
CSUK,2
CSUK,2263
CSUK,1141
CSAU,7121
CSCA,110140
CSCA,110267
CSCA,110323
CSIN,36359
CSUS,38
CSUS,192
CSUS,343
CSUS,639
CSUS,5973
CSUS,18138
CSUS,1309
CSUS,6297
CSUS,1633
CSUS,1649
CSUS,1718
CSUS,5961
CSUS,1993
CSUS,3532
CSUS,2191
CSUS,5901
CSUS,29279
CSUS,4258
CSUS,17291
CSUS,987
CSUS,7653
CSUS,7796
CSUS,19068
CSUS,10353
CSUS,12905
CSUS,13422
CSUS,17844
CSUS,16177
CSUS,17572
CSUS,18060
CSUS,21009
CSUS,23299
CSUS,26290
CSUS,31918
CSUS,31077
CSUS,34253
CSUS,35226
CSUS,55490
CSUS,9272
CSUS,1154
CSUS,109364
CSUS,410
CSUS,18521
CSUS,151496
CSUK,99
CSUK,146
CSUK,529
CSUK,651
CSUK,756
CSUK,1158
CSUK,1666
CSUK,12594
CSUK,15174
CSUK,17011
CSUK,16683
CSUK,18102
CSUK,7991
CSUK,2167
CSUK,3425
CSUK,3763
CSUK,15753
CSUK,5840
CSUK,6363
CSUK,7003
CSUK,7915
CSUK,17106
CSUK,9323
CSAU,9623
CSAU,13774
CSAU,7846
CSAU,10476
CSCA,112091
CSIN,35963
CSUS,92
CSUS,5830
CSUS,3641
CSUS,831
CSUS,1171
CSUS,1321
CSUS,1385
CSUS,1925
CSUS,2083
CSUS,5988
CSUS,2605
CSUS,2675
CSUS,3130
CSUS,5427
CSUS,20705
CSUS,16739
CSUS,8981
CSUS,9905
CSUS,9920
CSUS,10401
CSUS,10682
CSUS,10692
CSUS,11529
CSUS,11894
CSUS,12001
CSUS,12165
CSUS,12643
CSUS,18598
CSUS,15196
CSUS,15493
CSUS,18050
CSUS,39397
CSUS,110453
CSUS,24091
CSUS,28464
CSUS,29357
CSUS,39395
CSUS,34763
CSUS,32473
CSUS,36282
CSUS,13963
CSUS,511
CSUS,140144
CSUS,11860
CSUS,19908
CSUS,148361
CSUS,148466
CSUS,10139
CSUK,34
CSUK,42
CSUK,901
CSUK,837
CSUK,228
CSUK,273
CSUK,408
CSUK,420
CSUK,2355
CSUK,1512
CSUK,2837
CSUK,49970
CSUK,16419
CSUK,1824
CSUK,2324
CSUK,3999
CSUK,4177
CSUK,4689
CSUK,4786
CSUK,4991
CSUK,7154
CSUK,8470
CSUK,18673
CSUK,11048
CSUK,11785
CSUK,12469
CSUK,1401
CSUK,4778
CSAU,7059
CSAU,7090
CSAU,9340
CSAU,7740
CSAU,11197
CSAU,7064
CSCA,114318
CSCA,110200
CSIN,35228
CSIN,36053
CSIN,50774
CSUS,100
CSUS,112
CSUS,474
CSUS,566
CSUS,6163
CSUS,11366
CSUS,1266
CSUS,1288
CSUS,17644
CSUS,1467
CSUS,5979
CSUS,2328
CSUS,2397
CSUS,4446
CSUS,5001
CSUS,5423
CSUS,6428
CSUS,119555
CSUS,123836
CSUS,7213
CSUS,34620
CSUS,8665
CSUS,8710
CSUS,9127
CSUS,9232
CSUS,9539
CSUS,9709
CSUS,10852
CSUS,10885
CSUS,11222
CSUS,17664
CSUS,11898
CSUS,139799
CSUS,13246
CSUS,13575
CSUS,14016
CSUS,35463
CSUS,146975
CSUS,23971
CSUS,25308
CSUS,25526
CSUS,31990
CSUS,31803
CSUS,32832
CSUS,35897
CSUS,143069
CSUS,56672
CSUS,98681
CSUS,59501
CSUS,7956
CSUS,147743
CSUS,1977
CSUS,148349
CSUS,148412
CSUS,149750
CSUS,10506
CSUK,12
CSUK,7738
CSUK,1802
CSUK,196
CSUK,235
CSUK,433
CSUK,8464
CSUK,638
CSUK,684
CSUK,892
CSUK,1077
CSUK,4763
CSUK,1546
CSUK,16229
CSUK,2226
CSUK,2404
CSUK,2576
CSUK,2771
CSUK,2872
CSUK,3143
CSUK,3318
CSUK,3801
CSUK,6959
CSUK,7335
CSUK,4266
CSUK,5331
CSUK,5481
CSUK,5874
CSUK,7790
CSUK,7825
CSUK,8925
CSUK,8921
CSUK,4595
CSUK,1285
CSUK,4687
CSUK,16472
CSUK,6265
CSAU,6958
CSAU,8007
CSAU,13390
CSAU,13424
CSCA,112073
CSCA,113648
CSCA,110332
CSCA,110755
CSIN,35285
CSIN,35939
CSIN,37787
CSIN,37352
CSIN,37598
CSIN,38270
CSIN,38423
CSIN,39793
CSIN,50525
CSUS,202
CSUS,351
CSUS,632
CSUS,638
CSUS,676
CSUS,805
CSUS,3902
CSUS,1571
CSUS,1647
CSUS,1656
CSUS,9289
CSUS,1913
CSUS,2232
CSUS,4337
CSUS,16547
CSUS,6473
CSUS,16821
CSUS,7334
CSUS,7824
CSUS,8160
CSUS,50282
CSUS,9744
CSUS,9990
CSUS,10034
CSUS,10463
CSUS,10777
CSUS,33132
CSUS,39405
CSUS,11744
CSUS,11859
CSUS,14273
CSUS,14348
CSUS,15530
CSUS,15697
CSUS,19711
CSUS,19918
CSUS,21480
CSUS,24002
CSUS,30317
CSUS,30907
CSUS,37279
CSUS,55811
CSUS,147536
CSUS,103931
CSUS,28787
CSUS,6967
CSUS,13083
CSUS,23839
CSUS,5582
CSUS,11368
CSUS,129383
CSUS,148379
CSUS,148382
CSUS,148334
CSUS,148346
CSUS,148376
CSUS,148337
CSUS,148391
CSUS,148775
CSUS,11808
CSUS,7872
CSUK,71
CSUK,958
CSUK,141
CSUK,997
CSUK,222
CSUK,240
CSUK,248
CSUK,250
CSUK,274
CSUK,335
CSUK,338
CSUK,378
CSUK,425
CSUK,487
CSUK,521
CSUK,545
CSUK,548
CSUK,676
CSUK,743
CSUK,745
CSUK,800
CSUK,1226
CSUK,1487
CSUK,1555
CSUK,12836
CSUK,18197
CSUK,13277
CSUK,13299
CSUK,13452
CSUK,18658
CSUK,16024
CSUK,17341
CSUK,17818
CSUK,40259
CSUK,42992
CSUK,1842
CSUK,1860
CSUK,2042
CSUK,2046
CSUK,2225
CSUK,2244
CSUK,2256
CSUK,2474
CSUK,2573
CSUK,7700
CSUK,2631
CSUK,2685
CSUK,2855
CSUK,7702
CSUK,3628
CSUK,3667
CSUK,3716
CSUK,3780
CSUK,3839
CSUK,3853
CSUK,4007
CSUK,7545
CSUK,4132
CSUK,4339
CSUK,5314
CSUK,4611
CSUK,4666
CSUK,5235
CSUK,7780
CSUK,8189
CSUK,6027
CSUK,7173
CSUK,7234
CSUK,7375
CSUK,7407
CSUK,7431
CSUK,7963
CSUK,8054
CSUK,8273
CSUK,1457
CSUK,42884
CSUK,17608
CSUK,8605
CSUK,8639
CSUK,9025
CSUK,9146
CSUK,10889
CSUK,11449
CSUK,11923
CSUK,2008
CSUK,7539
CSUK,18915
CSUK,15841
CSUK,4643
CSUK,4303
CSUK,12808
CSUK,50711
CSUK,6191
CSUK,6589
CSUK,11848
CSAU,6979
CSAU,6993
CSAU,7091
CSAU,8094
CSAU,16433
CSCA,110630
CSCA,114107
CSCA,110195
CSIN,36257
CSIN,36416
CSIN,36995
CSIN,37958
CSIN,39758
CSIN,49268
CSIN,48704
CSIN,48824
CSIN,50771
CSIN,50486
CSUS,73
CSUS,338
CSUS,376
CSUS,5859
CSUS,494
CSUS,609
CSUS,910
CSUS,959
CSUS,1004
CSUS,1028
CSUS,1068
CSUS,1610
CSUS,1962
CSUS,4198
CSUS,2670
CSUS,2866
CSUS,40154
CSUS,9331
CSUS,6560
CSUS,20034
CSUS,18599
CSUS,7444
CSUS,7970
CSUS,8189
CSUS,8490
CSUS,8767
CSUS,9802
CSUS,10143
CSUS,55061
CSUS,10029
CSUS,10165
CSUS,10357
CSUS,10392
CSUS,10668
CSUS,12527
CSUS,12823
CSUS,13460
CSUS,17629
CSUS,14696
CSUS,15638
CSUS,16634
CSUS,17970
CSUS,25158
CSUS,26643
CSUS,39196
CSUS,91058
CSUS,31487
CSUS,39843
CSUS,90680
CSUS,90365
CSUS,1910
CSUS,55505
CSUS,75926
CSUS,133820
CSUS,320
CSUS,1128
CSUS,8853
CSUS,10405
CSUS,10592
CSUS,123509
CSUS,66071
CSUS,147782
CSUS,5584
CSUS,14966
CSUS,123713
CSUS,265
CSUS,10554
CSUS,13510
CSUS,148298
CSUS,148322
CSUS,148331
CSUS,148370
CSUS,148388
CSUS,148352
CSUS,148316
CSUS,148325
CSUS,148364
CSUS,148736
CSUS,10078
CSUS,148946
CSUS,10181
CSUS,148985
CSUS,148994
CSUS,149375
CSUS,149405
CSUS,149714
CSUS,149720
CSUS,149723
CSUS,149717
CSUS,149747
CSUS,149726
CSUS,149837
CSUS,149876
CSUS,150047
CSUS,32200
CSUS,17314
CSUS,13122
CSUS,151493
CSUS,151583
CSUS,151637
CSUS,127262
CSUS,12974
CSUS,152057
CSUK,7
CSUK,20
CSUK,27
CSUK,35
CSUK,36
CSUK,1914
CSUK,6419
CSUK,1036
CSUK,121
CSUK,131
CSUK,7146
CSUK,137
CSUK,152
CSUK,987
CSUK,186
CSUK,971
CSUK,209
CSUK,212
CSUK,271
CSUK,297
CSUK,306
CSUK,308
CSUK,317
CSUK,320
CSUK,321
CSUK,329
CSUK,379
CSUK,384
CSUK,399
CSUK,409
CSUK,441
CSUK,452
CSUK,453
CSUK,459
CSUK,469
CSUK,471
CSUK,508
CSUK,535
CSUK,542
CSUK,555
CSUK,6134
CSUK,640
CSUK,1416
CSUK,657
CSUK,658
CSUK,664
CSUK,696
CSUK,700
CSUK,703
CSUK,709
CSUK,710
CSUK,740
CSUK,779
CSUK,786
CSUK,821
CSUK,1076
CSUK,1085
CSUK,1175
CSUK,1189
CSUK,1203
CSUK,1205
CSUK,1224
CSUK,1240
CSUK,1246
CSUK,1253
CSUK,1262
CSUK,16281
CSUK,1547
CSUK,1455
CSUK,1466
CSUK,1530
CSUK,1541
CSUK,1551
CSUK,1594
CSUK,2214
CSUK,194
CSUK,16048
CSUK,13132
CSUK,13384
CSUK,16451
CSUK,16751
CSUK,14998
CSUK,15720
CSUK,16086
CSUK,16095
CSUK,17516
CSUK,17926
CSUK,2058
CSUK,27353
CSUK,31541
CSUK,34109
CSUK,15192
CSUK,6925
CSUK,1882
CSUK,1843
CSUK,1894
CSUK,1966
CSUK,1986
CSUK,2021
CSUK,2086
CSUK,2210
CSUK,2216
CSUK,2224
CSUK,2759
CSUK,2268
CSUK,2271
CSUK,3575
CSUK,16309
CSUK,2403
CSUK,2406
CSUK,2448
CSUK,2493
CSUK,2503
CSUK,2593
CSUK,2722
CSUK,2732
CSUK,2768
CSUK,2772
CSUK,2798
CSUK,2829
CSUK,6584
CSUK,2981
CSUK,6955
CSUK,3164
CSUK,3185
CSUK,3202
CSUK,3225
CSUK,3297
CSUK,3342
CSUK,3378
CSUK,3443
CSUK,7493
CSUK,3517
CSUK,6510
CSUK,3753
CSUK,3788
CSUK,8819
CSUK,3918
CSUK,3929
CSUK,3955
CSUK,3996
CSUK,4008
CSUK,4014
CSUK,4018
CSUK,4028
CSUK,4063
CSUK,4069
CSUK,4093
CSUK,4163
CSUK,4170
CSUK,4293
CSUK,4371
CSUK,4399
CSUK,4400
CSUK,4425
CSUK,4441
CSUK,4676
CSUK,4753
CSUK,4795
CSUK,4805
CSUK,4814
CSUK,4876
CSUK,4984
CSUK,5065
CSUK,5080
CSUK,5294
CSUK,28295
CSUK,5691
CSUK,5814
CSUK,5783
CSUK,5861
CSUK,5883
CSUK,6680
CSUK,5924
CSUK,5955
CSUK,6087
CSUK,6253
CSUK,7698
CSUK,6514
CSUK,6587
CSUK,6600
CSUK,6604
CSUK,6814
CSUK,7244
CSUK,6997
CSUK,7005
CSUK,7007
CSUK,7077
CSUK,7673
CSUK,7229
CSUK,7351
CSUK,7409
CSUK,7797
CSUK,7821
CSUK,7833
CSUK,7835
CSUK,7643
CSUK,7859
CSUK,7875
CSUK,4918
CSUK,8623
CSUK,8633
CSUK,8645
CSUK,9209
CSUK,10948
CSUK,8978
CSUK,25808
CSUK,9088
CSUK,9415
CSUK,9123
CSUK,9145
CSUK,17987
CSUK,9327
CSUK,1905
CSUK,9676
CSUK,17909
CSUK,11750
CSUK,11767
CSUK,11824
CSUK,486
CSUK,4589
CSUK,7443
CSUK,22
CSUK,1379
CSUK,4899
CSUK,49763
CSUK,15998
CSUK,16713
CSUK,19070
CSUK,50273
CSUK,41321
CSUK,311
CSUK,5152
CSUK,9239
CSUK,7074
CSUK,3956
CSUK,2205
CSUK,7214
CSUK,16555
CSUK,5900
CSUK,3405
CSUK,288
CSUK,50714
CSUK,2590
CSUK,50825
CSUK,43640
CSUK,4690
CSUK,1363
CSUK,148
CSUK,1788
CSUK,1207
CSUK,957
CSUK,50891
CSAU,7005
CSAU,7109
CSAU,9038
CSAU,7690
CSAU,8577
CSAU,9263
CSAU,10474
CSAU,14925
CSAU,6919
CSAU,13789
CSAU,36746
CSCA,110123
CSCA,110194
CSCA,110680
CSCA,112122
CSCA,115164
CSCA,112187
CSCA,110333
CSIN,35246
CSIN,35213
CSIN,35261
CSIN,35225
CSIN,35282
CSIN,35846
CSIN,39799
CSIN,35648
CSIN,35888
CSIN,36299
CSIN,36572
CSIN,39784
CSIN,36677
CSIN,39752
CSIN,37088
CSIN,39755
CSIN,36977
CSIN,36980
CSIN,37514
CSIN,39749
CSIN,37283
CSIN,37784
CSIN,37415
CSIN,37850
CSIN,50750
CSIN,39778
CSIN,39767
CSIN,39152
CSIN,40595
CSIN,49232
CSIN,39395
CSIN,39746
CSIN,39449
CSIN,39710
CSIN,40352
CSIN,40079
CSIN,40298
CSIN,40376
CSIN,43685
CSIN,49166
CSIN,49469
CSIN,49475
CSIN,36074
CSIN,38180
CSIN,50090