CSUS	90431
CSUS	100238
CSUS	18324
CSAU	29963
CSAU	30311
CSUS	147818
CSUS	28529
CSUS	7094
CSAU	32597
CSUS	141401
CSUS	51671
CSAU	7066
CSUS	112067
CSUS	29524
CSUS	35519
CSUS	36940
CSUS	25844
CSUS	33617
CSUS	25401
CSUS	36987
CSUS	36640
CSUS	146696
CSUS	137741
CSUS	8568
CSUS	79442
CSUK	43310
CSUS	125729
CSUK	22442
CSUK	44858
CSUS	24807
CSUS	26974
CSUS	35974
CSUS	124160
CSUS	17417
CSUS	27049
CSUS	70193
CSUS	32670
CSUS	123914
CSUS	25899
CSUS	25748
CSAU	14032
CSUS	79964
CSUS	56567
CSAU	9577
CSUS	10496
CSUS	132659
CSAU	7336
CSUS	33398
CSUS	27841
CSUK	15634
CSUS	24244
CSUS	10876
CSUS	79493
CSAU	15785
CSUS	88175
CSUS	25846
CSUS	144659
CSUS	129614
CSAU	21872
CSUS	70073
CSUS	26598
CSUK	44783
CSUK	42734
CSUS	24100
CSAU	31583
CSUS	26281
CSUS	33922
CSUS	77480
CSUS	32209
CSCA	113868
CSUS	32753
CSUS	11133
CSCA	112308
CSUS	37985
CSUS	146081
CSUS	39377
CSUS	124403
CSAU	9283
CSUS	17877
CSUS	29000
CSUS	143405
CSUS	19782
CSIN	50549
CSUS	35435
CSUS	25835
CSAU	14855
CSUK	1234
CSUS	25710
CSUS	146429
CSUS	18236
CSAU	16367
CSUS	17367
CSUS	26498
CSUS	25718
CSUS	30552
CSUS	124013
CSCA	113882
CSUK	13183
CSUS	125363
CSUS	146690
CSUS	25392
CSUS	34544
CSUS	10547
CSUS	72341
CSUS	24239
CSUS	34282
CSUS	127838
CSUS	24977
CSUS	25283
CSUS	136592
CSUS	22261
CSUK	28412
CSUS	130769
CSUK	27680
CSUS	22849
CSUS	133166
CSUS	65870
CSUS	90329
CSUK	27638
CSUK	19689
CSAU	31640
CSUS	130364
CSAU	27722
CSUS	30760
CSUK	20670
CSUS	25811
CSUS	33671
CSUS	31683
CSUS	67487
CSUS	138185
CSUS	7102
CSUS	33239
CSUS	29718
CSUS	135827
CSUS	125540
CSAU	23471
CSUS	76880
CSAU	9505
CSUS	29078
CSUS	36984
CSUS	138884
CSUS	25822
CSUS|CSDE	22843|12983
CSUS	33627
CSUS	39675
CSAU	32561
CSUK	17550
CSUS	84131
CSUS	25767
CSUS	83000
CSUS	24021
CSUS	23641
CSUS	19107
CSUS	24500
CSUS	89399
CSUS	101
CSUS	17511
CSUS	24781
CSAU	14866
CSUK	17905
CSAU	31676
CSUS	33618
CSUK	17845
CSUK	41327
CSUS	1193
CSUS	24786
CSAU	7514
CSUS	39696
CSUS	25581
CSCA	110190
CSUS	126626
CSAU	11999
CSCA	113979
CSUS	1829
CSUS	36594
CSUS	116618
CSUS	115100
CSUK	16658
CSUK	45110
CSUS	21490
CSCA	110655
CSUS	32332
CSUS	32997
CSUS	80600
CSCA	112155
CSUK	4012
CSUS	26615
CSUS	69881
CSUS	24494
CSUS	315
CSAU	30293
CSIN	35342
CSUS	135644
CSUS	121220
CSCA	113839
CSAU	30278
CSUK	26675
CSUK	17358
CSUS	141164
CSAU	14790
CSUS	26873
CSUS	130139
CSUS	40118
CSIN	50261
CSUK	43031
CSUS	61691
CSCA	114713
CSUS	37145
CSUS	27181
CSUK	42377
CSUS	145205
CSAU	9491
CSUS	35252
CSIN	50246
CSUS	26303
CSUS	7638
CSUS	126134
CSUS	48734
CSUS	33207
CSUS	141032
CSUS	30603
CSUS	26268
CSUK	42206
CSUS	24472
CSUS	132911
CSAU	13634
CSUS	139235
CSAU	9210
CSUS	32508
CSUS	130196
CSUS	86000
CSUK	12619
CSUS	73049
CSDE|CSUS	18314|5112
CSUS	83027
CSUS	25776
CSUS	36414
CSUS	48056
CSUS	134072
CSUS	139172
CSUK	25499
CSUS	127670
CSUS	32653
CSUS	36486
CSUS	25263
CSUS	25493
CSUK	42050
CSUS	24393
CSUS	12856
CSUS	116861
CSUS	124595
CSUS	140390
CSUS	25762
CSAU	30974
CSUS	133151
CSCA	113590
CSCA	110274
CSUS	29621
CSUK	14070
CSUS	145988
CSUS	67292
CSUS	84014
CSUS	137513
CSUS	124523
CSUS	26054
CSUS	32278
CSUS	146600
CSCA	113405
CSUS	10015
CSUS	86621
CSUS	14141
CSCA	118139
CSUS	20672
CSUS	106652
CSUS	32284
CSUS	25771
CSUS	130823
CSUS	71117
CSAU	31274
CSUS	36901
CSUS	144518
CSUS	26003
CSUS	35444
CSUK	16720
CSUS	59183
CSUS	97613
CSUS	26237
CSUS	84332
CSUS	116780
CSUS	19060
CSUS	128672
CSUS	31516
CSCA	111834
CSUS	17074
CSUS	73346
CSUS	25666
CSAU	14840
CSUS	26012
CSUS	24200
CSIN	40361
CSUK	13240
CSUS	26025
CSUS	85466
CSUK|CSUS	11888|11552
CSUS	117446
CSUS	25457
CSAU	9123
CSUS	17518
CSUS	133244
CSUS	24312
CSUS	76829
CSUS	129968
CSUS	76
CSUS	40433
CSUS	147140
CSUS	18059
CSUK	25301
CSUS	136220
CSUS	33621
CSUS	88859
CSUS	33274
CSUS	137534
CSUS	70211
CSUK	31595
CSUS	29561
CSUS	36649
CSUK	25931
CSAU	7170
CSUS	12135
CSUS	121238
CSUK	49358
CSUK	42908
CSUS	13188
CSAU	17141
CSUS	25639
CSUK	28319
CSUS	25897
CSAU	30890
CSUS	37674
CSUS	34476
CSCA	113894
CSUS	25620
CSCA	112866
CSAU	14900
CSUK	39700
CSUS	85457
CSUK|CSUS	8325|22837
CSUS	73391
CSUS	82055
CSIN	50156
CSUS	26138
CSUS	32891
CSUS	52187
CSUS	32537
CSCA	114370
CSUS	84689
CSUS	33801
CSUS	24423
CSUS	139136
CSUS	76817
CSUS	26011
CSUS	10795
CSCA	112583
CSUS	140714
CSUS	24036
CSUS	25285
CSIN	44393
CSUS	19762
CSUS	84602
CSUK	41342
CSUS	139757
CSUS	20795
CSIN	50075
CSUS	4425
CSUS	25725
CSCA	113908
CSUK	15621
CSUS	63221
CSCA	112278
CSUS	25951
CSUS	25997
CSUK	49379
CSUS	77561
CSFR|CSDE|CSUS	14753|13276|22938
CSUS	120977
CSUS	25909
CSUS	37213
CSUS	133220
CSAU	31967
CSUS	119615
CSUS	140525
CSIN	41150
CSUS	66518
CSAU	21884
CSUS	13393
CSUS	25315
CSUS	139382
CSUS	17574
CSUS	33910
CSUS	129152
CSUS	32678
CSUS	69926
CSUS	8715
CSUS	75722
CSUS	130673
CSUS	116771
CSUS	147329
CSUS	17565
CSAU	19622
CSUS	36174
CSUS	87131
CSUS	38467
CSUS	126212
CSUS	17390
CSUS	87215
CSUS	25634
CSCA	112022
CSUS	10235
CSUS	69176
CSUS	125405
CSAU	32339
CSUS	121175
CSAU	9161
CSUS	138509
CSUS	629
CSAU	30305
CSUS	38187
CSUS	35114
CSUS	126005
CSUS	33028
CSUS	137387
CSUS	82991
CSUK	7916
CSUS	39522
CSAU	9618
CSUS	26484
CSUS	12203
CSUS	140603
CSAU	18746
CSUK|CSFR	42200|19832
CSUS	27159
CSIN	48296
CSUS	26832
CSUK|CSUS	16769|11795
CSUS	33998
CSUS	114392
CSUS	25657
CSUS	32193
CSUS	17153
CSUS	30321
CSUS	144935
CSUS	130379
CSUK	18883
CSUS	637
CSAU	30518
CSUS	17571
CSAU	15647
CSUS	18845
CSUS	24407
CSUS	40431
CSUS	79514
CSAU	31802
CSUK	4071
CSCA	112809
CSUS	37880
CSUS	17839
CSUS	33196
CSUS	145349
CSUS	56546
CSUS	73313
CSUK	24782
CSUS	36208
CSUS	25907
CSUS	147194
CSAU	30716
CSUS	119885
CSUS	22463
CSUS	34230
CSUS	17846
CSUS	64898
CSUS	33730
CSUS	137867
CSUK	33767
CSUS	52301
CSCA	113452
CSUS	138104
CSUS	138128
CSUS	51350
CSUS	11769
CSUS	119297
CSUS	26944
CSUS	83690
CSUS	26940
CSAU	25415
CSUS	84632
CSUS	130514
CSUK	1377
CSUK	15149
CSUK	25946
CSUS	39116
CSUS	121250
CSUS	65345
CSUS	137750
CSUK	20124
CSUS	36115
CSCA	117641
CSUS	38498
CSUS	143477
CSUK	49457
CSUS	3483
CSUS	49409
CSCA	116423
CSUS	27882
CSUS	12233
CSUS	26143
CSUS	77612
CSUS	30807
CSAU	32390
CSUS	80132
CSCA	113709
CSUS	138098
CSUS	130157
CSUS	9769
CSUS	140957
CSUS	25569
CSUS	12356
CSUS	31790
CSAU	29003
CSUS	137021
CSUS	18301
CSCA	112265
CSAU	10140
CSUK	40460
CSUS	37592
CSUS	4563
CSUS	84686
CSAU	26024
CSUK	42632
CSUS	139718
CSCA	110134
CSUS	32826
CSUS	16666
CSUS	3124
CSUS	10009
CSUS	110627
CSUS	10512
CSAU	20735
CSUS	89804
CSUS	37864
CSIN	47582
CSUS	17027
CSUS	35134
CSUK	49346
CSUK|CSFR	11511|14210
CSUK	9705
CSCA	114059
CSAU	14529
CSUS	10474
CSUS	9986
CSUS	130424
CSUK	16827
CSUS	118928
CSUS	4670
CSUS	10586
CSUS	29454
CSUS	112100
CSUS	24961
CSUK	49718
CSUS	25536
CSUS	133139
CSUS	8067
CSUS	77417
CSUS	3488
CSUS	2735
CSUK	5958
CSUS	69503
CSUS	34039
CSUS	7106
CSUS	106520
CSUS	119576
CSUS	25337
CSUK	20627
CSUS	18022
CSUS	26753
CSUS	39898
CSUS	25614
CSUS	36918
CSUS	5807
CSUS	37268
CSUS	88283
CSUS|CSDE|CSFR	33591|18743|25190
CSUS	36331
CSUS	35778
CSUS	89561
CSUS	36580
CSUS	147326
CSUS	7427
CSUS	5903
CSAU	9379
CSCA	110410
CSUS	38225
CSUS	147752
CSUS	37556
CSUS	139730
CSUS	72146
CSUS|CSFR	32369|26228
CSUS	138212
CSUS	141584
CSUS	18061
CSUK	18885
CSUS	136445
CSUS	77657
CSUS	216
CSAU	9791
CSUS	90362
CSUS	81455
CSUS	10846
CSUK	15915
CSUS	4441
CSUS	13262
CSUS	12904
CSUS	81473
CSUK|CSUS	28304|25441
CSCA	110699
CSUS	66920
CSUS	55502
CSUS	17443
CSUS	12209
CSUS	10718
CSUS	39601
CSUS	34948
CSUS	39440
CSUS	120644
CSUK	18852
CSUS	147488
CSCA	110887
CSUS	141482
CSUK	12075
CSUS	40986
CSUS	32422
CSUS	40711
CSUS	19954
CSUS	38150
CSAU	32114
CSUS	89583
CSUK	11833
CSUS	36357
CSUS	23842
CSAU	12988
CSUK	15087
CSUS	85220
CSUS	60725
CSCA	113230
CSUS	39426
CSUS	40630
CSCA	110832
CSUS	18783
CSUS	6319
CSUS	1659
CSUS	14399
CSUS	633
CSCA	110827
CSCA	110137
CSUS	37336
CSUS	36989
CSUK	12418
CSUS	72692
CSUK	4325
CSUS	21961
CSUS	2616
CSUS	6643
CSUS	65270
CSUS	85841
CSUS	36643
CSUS	15987
CSUS	32
CSUK	38897
CSUS	18902
CSCA	112471
CSUS	36340
CSUS	16052
CSUS	39495
CSUS	102701
CSUS	35484
CSUS	116624
CSUS	135434
CSUS	34141
CSUS	28338
CSUK|CSUS	8388|38057
CSUS	36123
CSUK	16521
CSUS	67007
CSAU	8761
CSUS	14452
CSAU	30236
CSUK	15406
CSAU	31940
CSUS	75194
CSUS	12229
CSUS	33356
CSUS	93
CSUS	16549
CSCA	110009
CSUS	11177
CSUS	40529
CSUS	82334
CSUS	37807
CSUK	42482
CSUS	65360
CSUS	69065
CSUS	49
CSUS	123851
CSUS	37819
CSUS	37176
CSUK|CSDE|CSUS	6931|17486|25433
CSUS	32967
CSAU	7641
CSUS	17418
CSUS	38413
CSUS	20830
CSUS	125180
CSCA	111250
CSUS	36296
CSUS	33696
CSUS	25611
CSUK	3329
CSUS	36483
CSUS	8747
CSAU	15791
CSUS	32387
CSUK	34091
CSUS	41025
CSUS	36266
CSUS	32514
CSUS	24389
CSAU	9357
CSUS	20861
CSUS	11064
CSUS	27079
CSUS	125651
CSUS	69887
CSUS	87389
CSUS	53150
CSUS	37044
CSUS	67283
CSUS	38054
CSUS	129833
CSUS	12288
CSUS|CSDE	19092|21458
CSUS	24426
CSUS	35332
CSUS	39622
CSUK	13978
CSUS	30756
CSUS	6245
CSUS	6195
CSUS	34284
CSUS	37575
CSUS	112103
CSUS	42017
CSUS	116999
CSUS	124820
CSUS	17845
CSAU	11184
CSUS	1678
CSAU	16115
CSUS	1105
CSUS	73658
CSUS	67502
CSUK	44675
CSUS	52535
CSUS	7806
CSUS	13618
CSUK	13430
CSUS	133127
CSUK	49211
CSUS	3129
CSUS	5879
CSUS	53867
CSUS	35515
CSUS	106853
CSCA	115152
CSUS	26629
CSUS	127700
CSUS	147344
CSUS	114611
CSAU	7010
CSCA	110020
CSUS	24385
CSUS	23598
CSUS	133352
CSUS	12323
CSUS	16971
CSUS	15129
CSAU	9538
CSAU	7016
CSUS	33877
CSUS	16378
CSCA	112452
CSUS	126590
CSUS	131996
CSUS|CSAU	134858|32936
CSUS	34904
CSUS	146123
CSUS	147581
CSUS	17319
CSAU	9341
CSUS	147917
CSUS	59984
CSUS	9685
CSUS	79760
CSUK	7345
CSUS	17078
CSUK	16779
CSUS	6660
CSUS	11095
CSUS	5925
CSUS	130334
CSUK	15293
CSUS	145283
CSAU	14718
CSAU|CSDE	16352|36749
CSUS	12278
CSUS	9780
CSUS	16577
CSUS	124349
CSUS	112049
CSUS	37814
CSUS	24661
CSUS	25967
CSUS	58958
CSUS	3470
CSUS	86729
CSCA	110387
CSUS	114335
CSUS	40683
CSUS	132908
CSUS	30233
CSUS	19938
CSUS	15761
CSUS	35208
CSUS	126137
CSCA	115238
CSCA	114751
CSUS	26766
CSAU	7367
CSUK	17154
CSUS	20490
CSUK	18886
CSUS	17868
CSUS	24276
CSUS	7100
CSUS	9988
CSUS	34098
CSUS	19736
CSUS	36713
CSUK	50873
CSUK	5439
CSUS	81920
CSUS	118298
CSUS	26738
CSUS|CSAU	4186|33029
CSUS	130598
CSUS	23800
CSUS	8596
CSUS	2784
CSUK	29666
CSUS	28300
CSUS	120389
CSUS	106874
CSCA	110804
CSUS	147074
CSUS	35246
CSUS	7587
CSUS	58712
CSUS	142094
CSUK	19056
CSUS	17293
CSUS|CSAU	10537|16079
CSUS	15061
CSUK	27869
CSUS	77996
CSUS	77189
CSCA	113858
CSUK	42131
CSUS	35575
CSUS	25594
CSUS	37355
CSUS	40
CSUS	63698
CSUS	1555
CSUS	22310
CSUK	5388
CSUS	28580
CSUS	37797
CSUS	23020
CSUS	2260
CSUS	56801
CSUS	11060
CSUS	36421
CSUS	14418
CSUK	12184
CSUK	2294
CSUS	55076
CSUS	43925
CSUS	26626
CSUS	36196
CSUK	50762
CSAU	32789
CSUS	36816
CSUS	86834
CSUS	4233
CSUS	27717
CSUS	114872
CSCA	110443
CSUS	529
CSUS	130433
CSUK	16723
CSUK	25742
CSUS	35516
CSUS	17266
CSUS	17031
CSUS	126818
CSUS	66902
CSCA	112157
CSAU	7618
CSUS	10215
CSUS	23003
CSUS	26471
CSUS	38164
CSUS	28052
CSUS	138287
CSUS	9871
CSUS	38642
CSUS	126014
CSUS	147671
CSUK	9317
CSUS	36831
CSUK|CSDE|CSUS	17813|15684|33882
CSAU	14741
CSUK	563
CSUS	8716
CSUK|CSUS	11954|8141
CSUS	36947
CSUS	31700
CSUS	38012
CSAU	9507
CSUS	8206
CSUS	10151
CSUS	13622
CSUS	77855
CSCA	112057
CSCA	114141
CSUS	17425
CSUS	2132
CSUS	24052
CSUK	39976
CSUK|CSUS|CSAU	28706|56933|33032
CSUS	14677
CSCA	110256
CSUS	81647
CSAU	9525
CSUS	24433
CSUS	31453
CSUK	4188
CSUS	36481
CSUS	77729
CSUK	2753
CSUS	113582
CSUK	6747
CSUS	9082
CSUS	32096
CSUS	20194
CSUS	145619
CSCA	110341
CSUS	20341
CSUS	38082
CSUS	8449
CSUS	148310
CSUS	8144
CSUS	118172
CSUS	67613
CSUS	39760
CSUS	8171
CSUS	38140
CSUK	36689
CSUS	36120
CSUK	2387
CSUS	17566
CSUS	82502
CSUS	25754
CSUS	39891
CSUS	40405
CSUS	32364
CSUS	134303
CSUS	16551
CSUS	23247
CSUK	12912
CSUS	19227
CSUS	29744
CSUS	124817
CSUS	20437
CSUS	55631
CSUS	1909
CSUS	37863
CSUK|CSUS	7872|19350
CSUS	5926
CSUK	49388
CSUS	37065
CSUS	34074
CSAU	30299
CSUK	18824
CSAU	8428
CSUK	17972
CSUS	5829
CSUS	17926
CSUS	37699
CSUS	1078
CSUS	38035
CSCA	110581
CSUS	60860
CSUK	19141
CSUS	69770
CSUS	18115
CSUS	27233
CSUS	7955
CSUS	126029
CSCA	116105
CSUK	3746
CSUS	36107
CSUK	251
CSUS	81707
CSUS	9212
CSUS	10598
CSUS	7651
CSUS	39565
CSUS	40113
CSUS	12150
CSUS	29780
CSUS	37245
CSUS	36480
CSUS	312
CSUS	2395
CSUS	13920
CSUS	10890
CSUS	32869
CSUS	35384
CSUK|CSDE	36572|17348
CSUS	16576
CSUS	209
CSUK	14179
CSUS	25379
CSUS	1267
CSUS	9623
CSCA	111538
CSUK	24656
CSUS	1107
CSUS	53120
CSUS	55508
CSUS	32632
CSCA	110093
CSUS	24190
CSUK	7065
CSUS	1635
CSUS	12398
CSUS	147431
CSUS	10407
CSUS	7950
CSUS	19758
CSUS	20186
CSUS	24559
CSCA	114853
CSUK	19132
CSUS	8064
CSUS	26279
CSUS	88157
CSUS	36662
CSUS	130358
CSUS	35659
CSUK	10967
CSUK	16079
CSUS	27014
CSUS	35399
CSUS	40469
CSUS	40607
CSUK|CSUS	12497|23534
CSUS	11140
CSUS	35243
CSUS	48833
CSCA	114065
CSUS	32219
CSUS	35891
CSUS	114983
CSCA	114058
CSAU	9196
CSUS	56042
CSUS	138083
CSUS	147380
CSUS	4197
CSAU	9443
CSUS	68432
CSAU	16028
CSUS	127976
CSUS	593
CSUS	6777
CSUS	3523
CSUS	12934
CSUS	30270
CSUS	64865
CSAU	8481
CSCA	113390
CSUS	18884
CSUS	10527
CSUS	17624
CSUK|CSAU|CSUS	41579|9248|37451
CSAU	9337
CSUS	20668
CSUS	36559
CSUS	31644
CSCA	113225
CSUS	28090
CSUS	119912
CSUS	8799
CSUS	35373
CSUS	10854
CSUS	27274
CSUS	57179
CSAU	9413
CSUK	29660
CSUS	27903
CSUS	12696
CSUS	55895
CSUS	10296
CSUS	19283
CSUS	114464
CSAU	17051
CSUK	3296
CSCA	110273
CSUS	12274
CSUK	50291
CSUS	42008
CSCA	115403
CSUK	30233
CSUS	88628
CSUS	30606
CSUS	17517
CSUS	15381
CSUK	6797
CSUK	636
CSUS	147392
CSUS	15167
CSUS	22067
CSUS	10693
CSUS	132026
CSUS	32430
CSUS	11371
CSUS	2650
CSUS	13275
CSCA	111557
CSUS	114533
CSUS	34669
CSUS	29933
CSUS	30201
CSUS	66875
CSUS	71915
CSUS	147869
CSUS	112256
CSUS	147590
CSUS	30410
CSUS	148394
CSUS	28969
CSUS	7613
CSUS	34274
CSUS	41056
CSUS	34140
CSUS	17745
CSUS	40267
CSAU	8952
CSUS	892
CSUS	10998
CSUS	13247
CSUS	36479
CSUS	35826
CSUS	38274
CSUS	38683
CSCA	110226
CSUS	141467
CSAU	14948
CSUS	7370
CSUS	7584
CSUK	18166
CSUS	29099
CSUS	47792
CSUS	58340
CSUS	36961
CSUS	1148
CSUS	611
CSUS	8610
CSUS	19177
CSUS	41735
CSUK	9443
CSUS	147464
CSUS	37785
CSAU	7554
CSUS	72089
CSUK	230
CSUS	74027
CSUK	7238
CSUS	8526
CSUK	10496
CSUS	26660
CSUS	138518
CSUK	44480
CSUS	17472
CSUS	12019
CSUS|CSAU	24304|33113
CSUS	8933
CSUS	17590
CSUS	29641
CSUS	99179
CSAU	14740
CSUS	69134
CSUS	12893
CSUS	13617
CSUS	13746
CSUS	9687
CSUK	4429
CSUS	126203
CSUS	80225
CSUS	24008
CSUS	146987
CSUS	10633
CSUS	10375
CSUS	35759
CSUS	54884
CSUS	30279
CSUS	36485
CSUS	133406
CSAU	15779
CSUS	22058
CSUS	17717
CSUS	9301
CSUS	40103
CSUS	66041
CSUS	52652
CSUS	49280
CSUS	17306
CSUS	147848
CSUS	18244
CSUK	22190
CSUS	17474
CSUS	37791
CSUS	4536
CSUS	10966
CSUS	10699
CSAU	8382
CSUK	11828
CSUS	10281
CSUS	34254
CSUK	42170
CSUS	26735
CSUS	67661
CSUS	21748
CSUS	28624
CSUS	37823
CSUS	34930
CSUS	1787
CSUK	42182
CSUS	36358
CSUS	37477
CSUS	58901
CSUK	897
CSUS	8625
CSUS	10678
CSUS	23667
CSUS	43
CSUS	32833
CSUS	33054
CSUS	10307
CSUS	67967
CSUS	142163
CSUS	1259
CSUS	14602
CSUS	18934
CSUS	27279
CSUS	34936
CSUS	35923
CSUS	18463
CSUK	50756
CSAU	7302
CSUS	36136
CSUS	74675
CSUS	13644
CSUS	11495
CSUK	18566
CSUK	20739
CSUS	1781
CSUS	89351
CSUS	28036
CSUS	32637
CSUS	56978
CSUS	37376
CSUS	147740
CSUS	6204
CSUK	17973
CSUS	37878
CSUS	18552
CSUS	29470
CSUS	69350
CSUS	15594
CSUS	1033
CSUS	17176
CSUK	272
CSAU	7130
CSUS	10542
CSUK	40232
CSUS	76763
CSUS	31582
CSUS	1691
CSUS	27586
CSUS	35315
CSUS	17471
CSUS	39724
CSUS	30018
CSUS	34667
CSUS	57068
CSAU	31370
CSIN	42344
CSCA	110310
CSUS	3978
CSUS	393
CSUS	1048
CSUS	55718
CSAU	16475
CSUS	9710
CSUK	798
CSUS	25044
CSUS	8857
CSUS	146444
CSUS	33676
CSUS	36835
CSUS	18665
CSCA	112982
CSUS	18089
CSUS	70682
CSUS	130859
CSUS	30809
CSUS	14704
CSUS	32660
CSCA	114753
CSCA	110697
CSUS	12324
CSUS	138233
CSUS	16111
CSUS	4088
CSAU	21524
CSUK	12272
CSUS|CSAU	12241|7055
CSUS	28802
CSUS	23623
CSUS	5273
CSUK	16959
CSUS	3490
CSUS|CSAU	17634|33047
CSUS	12518
CSUS	27020
CSUS	30491
CSUS	36477
CSUS	33097
CSUS	135368
CSUS	11650
CSUK	15919
CSUS	87917
CSCA	113863
CSUS	12857
CSUS	26922
CSUS	35664
CSUS	25208
CSUS	35150
CSUS	10434
CSUS	57977
CSCA	111562
CSUK	2828
CSUS	37520
CSUS	146159
CSUS	25582
CSUS	25892
CSUS	37499
CSUS	33168
CSUS	55931
CSUS	33935
CSUS	136268
CSUS	17673
CSIN	49097
CSUS	31938
CSUK	17051
CSUS	119567
CSUS	37204
CSUS	17126
CSUS	17207
CSUS	28982
CSUS	1297
CSUS	17870
CSUS	35958
CSIN	38741
CSUS	88787
CSUS	20634
CSUS	29086
CSUS	76055
CSUS	80150
CSCA	115175
CSUS	417
CSUS	129
CSUS	16518
CSUS	83888
CSUS	8626
CSUS	35752
CSCA	110002
CSUS	36045
CSUS	11198
CSUS	37789
CSUS	75485
CSAU	7069
CSUK	26000
CSUK	2515
CSUS	122
CSUS	1278
CSUS	17693
CSUS	7843
CSUS	36589
CSUS	39692
CSUS	30056
CSUS	77897
CSUS	41
CSUS	37098
CSUS	34213
CSUS	36138
CSUS	120743
CSUS	12011
CSUS	19685
CSUS	7103
CSUS	11528
CSUS	19739
CSUS	146531
CSUS	40444
CSUS	147359
CSUK	2455
CSUS	19726
CSUS	116888
CSUS	112367
CSUS	18975
CSUS	10140
CSCA	113187
CSUK	2014
CSUS	140996
CSCA	117971
CSUS	1314
CSUS	903
CSAU	13050
CSAU	14141
CSUK	1845
CSUS	6179
CSUS	10817
CSUS	98732
CSUS	132923
CSUS	18192
CSUS	17350
CSUS	121637
CSUS	30098
CSUK	16529
CSUK	3983
CSUS	33690
CSUS	18108
CSUS	69602
CSUK|CSUS	19640|28890
CSUS	179
CSUS	27441
CSUS	39709
CSUS	118628
CSUK	16505
CSUS	64775
CSUS	77
CSUS	1801
CSUS	13705
CSUS	24024
CSUS	22068
CSUS	25422
CSUS	24711
CSUS	11885
CSUS	66419
CSUS	280
CSUS	17738
CSUK|CSUS	172|105956
CSCA	113394
CSUS	39400
CSUS	21021
CSUS	5987
CSUS	125714
CSUS	56051
CSUS	89090
CSAU	14664
CSUS	1905
CSUS	7616
CSUS	483
CSUS	37297
CSAU	31838
CSAU	9189
CSUS	11156
CSUS	51665
CSUS	32424
CSUS	140666
CSUS	23936
CSUS	113618
CSUK	2667
CSUS	119624
CSUS	12308
CSUS	12468
CSAU	10259
CSUS	36135
CSUS	52505
CSAU	14260
CSAU	20591
CSUS	12864
CSUS	12319
CSUS	10595
CSUS	18349
CSCA	114289
CSUS|CSAU	11220|32915
CSUS	145307
CSCA	110325
CSUS	35073
CSUS	9563
CSUS	13449
CSUS	75530
CSAU	21470
CSUS	19552
CSAU	8585
CSAU	14242
CSUS	1014
CSCA	110151
CSUS	26258
CSUK	4922
CSUS	18957
CSUS	37739
CSUK	7575
CSUS	7342
CSUS	20374
CSUS	25236
CSUS	16669
CSUS	130556
CSUS	244
CSUS	127814
CSUS	34989
CSUS	120629
CSUK	19543
CSUS	71057
CSUS	133391
CSUK	16588
CSUS	11170
CSUS	40417
CSUS	48608
CSUS	59714
CSUS	74840
CSCA	110617
CSUS	118388
CSUK|CSUS	17276|106538
CSUK	32942
CSUS	132863
CSUS	30926
CSUS	70844
CSUS	141488
CSUS	10930
CSUS	34051
CSUS	16363
CSUS	21947
CSUK	17168
CSUK	22178
CSUS	17536
CSUS	23889
CSUS	119603
CSUS	118835
CSUS	115316
CSUS	110750
CSUS	17937
CSUS	13368
CSUS	24098
CSUS	8107
CSUS	13273
CSUS	40593
CSUS	29874
CSUS	56612
CSUS	39284
CSAU	10676
CSUK	1092
CSUS	17304
CSCA	110176
CSUS	385
CSCA	110870
CSCA	112412
CSUS	6239
CSUS	19769
CSUS	36775
CSUS	13740
CSUS	45257
CSUS	25654
CSUS	20888
CSUS	8082
CSCA	110772
CSUS	2574
CSUK	20815
CSUS	33228
CSUK	1279
CSUK	41246
CSUS	27125
CSUS	1140
CSUS	7854
CSUS	17739
CSUS|CSAU	19666|32972
CSUS	20404
CSUS	37603
CSUS	67547
CSUS	76013
CSUS	10975
CSUS	29490
CSUS	61025
CSUK|CSAU	18213|33062
CSUS	39379
CSUS	36134
CSCA	115021
CSUS	28008
CSUS	21
CSUS	53705
CSUK	5029
CSUS	106616
CSUS	140138
CSUK	3191
CSUS	3022
CSUK	120
CSUS	33038
CSUS	18137
CSUS	36569
CSUS	428
CSUS	1769
CSUS	38429
CSUS	36542
CSUS	16129
CSUS	25344
CSUS	77597
CSUS	88868
CSCA	113079
CSUS	20498
CSUS	360
CSUS	25165
CSUS	31090
CSUS	37524
CSUS	61115
CSUS	297
CSUS	33670
CSUS	36567
CSUS|CSAU	37316|32834
CSUS	29852
CSUS	126449
CSUS	5472
CSUS	16816
CSUS	55871
CSUS	14848
CSUS	497
CSUS	1339
CSUS	10494
CSUS	36166
CSUS	38139
CSCA	110326
CSUS	147332
CSUS	14239
CSUS	18526
CSUS	147428
CSAU	7329
CSUK	738
CSUS|CSAU	98264|33152
CSUS	9913
CSUK	17379
CSUS	7663
CSCA	110821
CSUS	30361
CSUS	31035
CSUS	10489
CSUS	10993
CSUK	13045
CSUK	2052
CSUS	1893
CSUS	41070
CSUS	11142
CSUS	27026
CSUS	26260
CSUS	41639
CSUS	5552
CSAU	9786
CSUS	130211
CSUS	5900
CSUS	11139
CSUS	37031
CSUK	5010
CSUS	17316
CSUS	4202
CSUS	19776
CSUS	5953
CSUS|CSDE	11329|9819
CSUS	10421
CSUS	30423
CSUS	41252
CSCA	110696
CSUS	223
CSUS	9616
CSUS	147389
CSUS	13592
CSUS	25129
CSUS	39501
CSUS	36972
CSIN	38267
CSUS	17058
CSUS	38147
CSUS	17213
CSUS	20964
CSUS	145004
CSUS	37843
CSAU	9168
CSUS	586
CSUS	85502
CSUS	48689
CSUS	11750
CSUS	17899
CSUS	17659
CSUS	17537
CSUS	27702
CSUS	147578
CSUK	4091
CSUS	37186
CSCA	114231
CSUS	83336
CSUS	1334
CSUK	7452
CSUS	18164
CSUS	4368
CSAU	14490
CSUS	37693
CSUK	2343
CSUS|CSDE	3200|20147
CSUS	6663
CSUS	13156
CSUS	8015
CSUS	105
CSUS	4975
CSUS	1238
CSUS	5486
CSUS	36475
CSUS	10148
CSUS	39975
CSUS	36556
CSUS	77594
CSUS	78800
CSUS	84341
CSUS	500
CSAU	36188
CSAU	8950
CSCA	110365
CSUK	45272
CSUS	65051
CSUS	26150
CSUS	13887
CSUS	147527
CSUS	110927
CSCA	110186
CSUS	16508
CSUS	32989
CSUK	17710
CSUS	87110
CSUS	6432
CSUS	23995
CSUS	69518
CSAU	7457
CSUS	112064
CSUS	15888
CSUS	10607
CSUS	3689
CSUS	140735
CSUS	37779
CSUS	7882
CSUS	36131
CSUS	24600
CSUK	15279
CSUS	26345
CSUS	19459
CSUS	178
CSUS	772
CSUS	59573
CSUS	33973
CSUS	12881
CSUS	21756
CSUS	32677
CSUS	70112
CSUS	99545
CSUS	35913
CSUK	6270
CSUS	35571
CSUS	76583
CSUS	36185
CSUS	1206
CSAU	25406
CSUS	13184
CSUS	17102
CSAU	8409
CSUK	7277
CSUS	54845
CSUK	10357
CSUS	36724
CSUS	39390
CSUS	37321
CSUS	37666
CSCA	110789
CSUS	9288
CSUS	1294
CSUS	8798
CSUS	9077
CSUS	11588
CSUS	18560
CSUS	41050
CSUS	59711
CSCA	115082
CSUS	40965
CSAU	7024
CSAU	8670
CSUS	5346
CSAU	11040
CSUS	16851
CSUS	10404
CSUS	1188
CSUS	18796
CSUS	83861
CSUS	130136
CSUS	40985
CSUS	1986
CSAU	9261
CSUS	35755
CSUK	7247
CSUS	39554
CSUS	10
CSUS	13481
CSUS	38446
CSUS	116684
CSUS	90077
CSUS	11521
CSUS	26667
CSUS	44168
CSUS	64541
CSUS	86429
CSCA	110620
CSUS	6665
CSUS	79424
CSUS	129506
CSUS	23408
CSUS	24458
CSUS	137585
CSUK	17944
CSUS	381
CSUS	116810
CSCA	112297
CSUS	89180
CSUK	94
CSUS	146978
CSUK	14858
CSUK	15624
CSUS	283
CSUS	1845
CSUS	17440
CSUS	25884
CSUS	26019
CSUS	29638
CSUS	33258
CSUS	33271
CSUS	39391
CSUS	37090
CSUS	56816
CSUS	59066
CSCA	110016
CSCA	114142
CSUS	35971
CSUS	4267
CSAU	16274
CSUS	25704
CSUS	12534
CSAU	15386
CSUS	35272
CSUS	11581
CSUS	36754
CSUS	19252
CSCA	110322
CSUS	138089
CSUS	120713
CSUS	12256
CSUK	5070
CSUS	525
CSUS	1075
CSUS	1132
CSUS	90533
CSUS	12715
CSUS	35622
CSUS	17488
CSUS	90551
CSUS	25271
CSUS	26166
CSUS	85298
CSAU	9490
CSUS	6194
CSUK	5952
CSCA	117944
CSUK	21364
CSUS	22365
CSUS	81032
CSUS	133241
CSUK	11498
CSUK	6195
CSUK	7032
CSCA	110807
CSUS	19870
CSUS	1401
CSUS	3434
CSUK	13440
CSUS	125318
CSUS	9253
CSUS	11107
CSUS	11819
CSUS	14321
CSUS	40322
CSUS	75539
	
CSUS	57293
CSAU	19841
CSUS	3031
CSUS	38825
CSUS	16210
CSCA	113592
CSUK|CSAU|CSDE|CSFR|CSUS	11876|14561|15733|24722|14191
CSUS	6923
CSUS	8209
CSAU	14814
CSUK	3972
CSAU	10870
CSUS	64685
CSCA	110218
CSUK	3230
CSUS	24737
CSUS	5763
CSUS	11586
CSUS	11804
CSUS	11836
CSUS	145805
CSUS	14304
CSUS	20828
CSUS	21506
CSUS	27216
CSUS	35449
CSUS	121076
CSUS	12853
CSAU	11258
CSUS	10495
CSUK	3304
CSUS	36547
CSUS	25554
CSUS	89689
CSUS	4134
CSUS	15257
CSUS	13245
CSUS	13755
CSUS	131204
CSUS	2672
CSUS	35875
CSUS	28912
CSCA	114211
CSIN	35411
CSAU	16244
CSUS	58499
CSUK	19669
CSUS	119612
CSCA	110007
CSUS	36969
CSUS	17085
CSUS	402
CSUS	4237
CSUS	18176
CSUS	6886
CSUS	8427
CSUS	36800
CSUS	36684
CSUS	57773
CSUS	65702
CSUS	106799
CSUS	72080
CSUS	24489
CSAU	9085
CSCA	113228
CSCA	113360
CSUS	10602
CSUS	128393
CSUS	14927
CSUS	15
CSUS	40719
CSUS	17188
CSUS	6401
CSUS	25343
CSUS	63689
CSUS	2069
CSUS	35431
CSUS	22853
CSAU	10554
CSUS	34268
CSUS	61289
CSUK	17110
CSCA	110487
CSUS	30902
CSUS	37191
CSUK	2785
CSUS	12318
CSCA	110189
CSIN	40112
CSUK	11067
CSUS	32745
CSUS	10707
CSUS	12272
CSUS	128090
CSUS	15415
CSUS	28732
CSUS	30212
CSUS	32018
CSUS	76196
CSUS	109730
CSCA	110733
CSUS	25463
CSUK	14107
CSUS	4929
CSUS	12191
CSUS	112334
CSUS	236
CSUS	114140
CSUS	132941
CSUK	41426
CSUK|CSUS	16315|35734
CSUS	126896
CSUK	17511
CSUS	20674
CSUS	39966
CSUS	36005
CSUK	22082
CSUS	18675
CSUS	5467
CSUK	16783
CSUK	1841
CSUS	110312
CSUS	434
CSUS	894
CSUS	3825
CSUS	28795
CSUS	7581
CSUS	38373
CSUS	20511
CSUS	22206
CSUS	51833
CSUS	37783
CSUS	26109
CSUS	37790
CSUS	56048
CSUS	57161
CSUS	80315
CSCA	110105
CSCA	113493
CSUS	10470
CSUS	35700
CSUS	147929
CSUS	8579
CSUS	130604
CSUS	38996
CSUS	5875
CSUS	7621
CSUS	39800
CSUS	114131
CSUS	65960
CSUS	112343
CSUS	8117
CSUS	19760
CSUS	39363
CSUS	26305
CSCA	112422
CSUS	29154
CSUS	11639
CSUS	119588
CSUS	2036
CSUS	48761
CSUS	38767
CSCA	113569
CSAU	9355
CSUS	10183
CSUK	213
CSUK	19014
CSUS	1688
CSUS	40367
CSUS	13606
CSUS	37746
CSUS	16225
CSUS	23168
CSUS	118268
CSUS	31203
CSUS	58811
CSUS	65690
CSUS	62228
CSAU	11131
CSUS	18112
CSUS	26347
CSUS	24167
CSUS	85442
CSUS	591
CSUS	65465
CSUS	29397
CSUS	34035
CSUS	40223
CSUS	34505
CSUK	38330
CSUS	24135
CSUS	18454
CSUK	40262
CSUS	74045
CSUS	624
CSUK	9204
CSUS	7636
CSUS	8185
CSAU	8042
CSUS	331
CSUS|CSAU	118988|33119
CSAU	30653
CSUS	90503
CSUS	15653
CSUS	22918
CSUS	20678
CSUS	18531
CSUS	299
CSUK	38021
CSUS	22646
CSUS	3688
CSUS	15911
CSUS	24760
CSUS	31973
CSUS	54983
CSUK	1849
CSUK	11943
CSUS	20289
CSUS	22061
CSUS	6637
CSAU	10542
CSUK	7161
CSUS	37781
CSUK	6030
CSUS	65981
CSUS	147524
CSUS	17335
CSUK	4758
CSUS	14347
CSUS	5065
CSUK	14062
CSUS	15564
CSUS	30759
CSUS	147797
CSUS	8258
CSUS	110498
CSAU	23705
CSUS	14043
CSUS	26737
CSCA	114333
CSUS	414
CSUS	38192
CSUS	121556
CSUK	10229
CSUS	5928
CSUS	18379
CSUS	20903
CSUS	1754
CSUS	30198
CSUS	68858
CSUS	3115
CSAU	13247
CSUS	3145
CSUS	33630
CSAU	31976
CSUS	6408
CSAU	14955
CSCA	110404
CSAU	12008
CSUS	39439
CSUS	13227
CSUK	3328
CSUS	8606
CSUS	14148
CSUS	31477
CSUS	129443
CSUK	5441
CSUS	23648
CSUS	3775
CSUS	3149
CSAU	8165
CSUS	2195
CSUS	17269
CSUS	8130
CSUK	44513
CSUK	5838
CSUS	57710
CSUS	6710
CSUS	11137
CSUK|CSUS	16400|90662
CSUS	2321
CSUS	10889
CSUS	16747
CSUS	17805
CSUS	12966
CSUS	17866
CSUS	17910
CSUS	37135
CSAU	32594
CSCA	112087
CSUS	16042
CSUS	15358
CSUS	7198
CSUS	21833
CSUS	32840
CSUK	9746
CSUK	10921
CSUS	1514
CSUK	13595
CSUS	24077
CSUS	10973
CSUK	4680
CSCA	116201
CSUS	27892
CSUS	17586
CSUS	8069
CSCA	110677
CSUK	2410
CSUS	118
CSUS	479
CSUS	7615
CSUS	41855
CSUS	124652
CSUS	135932
CSUS	17053
CSAU	19703
CSUS	12756
CSUS	37613
CSUK	265
CSUS	35812
CSUS	21456
CSUS	14659
CSUS	35847
CSUK	9328
CSUS	5008
CSUS	20011
CSUS	7542
CSUS	10035
CSUS	117374
CSUS	134258
CSUS	21987
CSUS	9965
CSUS	40186
CSUS	112541
CSUK	1233
CSUS	32057
CSUS	36114
CSAU	10670
CSUS	8021
CSAU	14438
CSUS	11096
CSUS	18277
CSAU	7070
CSUS	8638
CSUS	11914
CSUS	35407
CSUS	19046
CSUS	19863
CSUS	23696
CSAU	15644
CSUS	27972
CSUK	644
CSAU	14853
CSCA	116234
CSUS	12676
CSUS	35547
CSAU	7450
CSUS	1648
CSUS	22102
CSUS	5175
CSUS	26053
CSCA	114103
CSUS	1295
CSUS	134231
CSUK	24518
CSUS	8331
CSUS	13116
CSUS	25782
CSAU	14230
CSUS	21755
CSUS	40992
CSAU	8325
CSUK	10244
CSUS	36027
CSUS	10347
CSAU	14355
CSUK|CSUS	7078|106139
CSCA	110160
CSUS	10124
CSUK	4746
CSUK	652
CSUS	23335
CSUS	18215
CSUS	8057
CSUS	15575
CSUS	682
CSUS	4622
CSUS	2105
CSUK	17924
CSUS	11023
CSUS	38034
CSUS	7224
CSUS	10914
CSUS	13313
CSUS	129446
CSUS	31638
CSUS	134045
CSAU	8764
CSUS	19923
CSUS	134993
CSUS	7479
CSAU	10157
CSUK	16754
CSUS	8177
CSUS	26554
CSCA	111418
CSUS	33
CSUS	183
CSUK	667
CSUS	11991
CSUS	6928
CSUS	16581
CSUS	8121
CSUS	41702
CSUS	34030
CSUS	8681
CSUK	16996
CSAU	7738
CSUK	5338
CSUS	81008
CSUK	21110
CSUS	39507
CSUS	8294
CSUS	36498
CSAU	32837
CSUS	33725
CSUS	1985
CSUS	29872
CSUS	5984
CSUS	39385
CSCA	114956
CSCA	113071
CSUS	18065
CSUK	56
CSUS	9286
CSUK|CSUS	13427|32685
CSUK	5005
CSUS	39791
CSUS	11705
CSUS	17223
CSUS	22098
CSUS	40100
CSUS	42071
CSUS	1844
CSUK	2949
CSAU	10804
CSUK	645
CSAU	14296
CSUS	34415
CSUS	3567
CSUS	1
CSUK	485
CSUS	38371
CSUS	7593
CSCA	112736
CSAU	15650
CSUS	17911
CSUS	133481
CSUS	19098
CSUS	21742
CSUS	40135
CSUS	33550
CSUS	23034
CSUS	69785
CSUK	28244
CSUS	147809
CSUK	8298
CSUS	40540
CSUS	5277
CSUS	39456
CSUS	26844
CSUS	19062
CSUS	1897
CSUS	177
CSUK	12637
CSCA	111440
CSUK	12381
CSUS	7893
CSUK	434
CSUS	5946
CSUS	1655
CSUS	8646
CSUS	4168
CSUS	27292
CSUK	42656
CSUS	501
CSUS	5496
CSUS	1328
CSUS	1791
CSUS	8078
CSUS	19461
CSUS	12886
CSUS	18506
CSUS	66524
CSUS	88769
CSUS	116408
CSUK	188
CSUS	10674
CSAU	10810
CSUS	19427
CSUS|CSAU	116675|19808
CSUS	2010
CSAU	9612
CSUS	33269
CSUS|CSFR	45848|25199
CSUK	50717
CSUS	10780
CSUK	1768
CSUS	25421
CSUS	20373
CSUS	104
CSUS	5789
CSUK	17269
CSUS	40064
CSUS	37836
CSUS	16190
CSUS	23184
CSUS	27131
CSUK|CSUS	16542|33526
CSUK	17257
CSUK	18309
CSUK	8694
CSUS	262
CSUS	6203
CSUS	11800
CSUS	18237
CSUS	26463
CSUK	29234
CSUS	35501
CSUK	9981
CSUS	186
CSAU	7769
CSUS	1989
CSUS	39915
CSUS	13960
CSUS	116681
CSUK	10831
CSUS	30960
CSUS	1973
CSUS	12162
CSUK	1447
CSUS	29935
CSUK	7949
CSUS	12474
CSUS	3489
CSUS	35730
CSAU	9037
CSUS	12834
CSUS	18899
CSUK	4802
CSUK	4817
CSUS	6249
CSUS	1151
CSUS	1178
CSUS	37784
CSUS	17964
CSUS	31892
CSUS	29592
CSUS	2415
CSAU	8348
CSUS	17597
CSUS	37744
CSUS	8077
CSAU	14273
CSUS	153
CSUS	12015
CSUK	13804
CSUS	7849
CSUS	27913
CSUS	52697
CSUS	12689
CSUS	9606
CSUS	7406
CSUS	34610
CSUS	32824
CSUS	95
CSUS	11547
CSUK	1540
CSUK	37679
CSUK	1787
CSUS	88766
CSUS	5210
CSUS	3359
CSUS	7390
CSUS	11999
CSUS	17535
CSUS	38123
CSUS	22184
CSUS	23539
CSUS	23891
CSUS	39123
CSUS	36620
CSUS	32699
CSUS	34196
CSUS	78755
CSUS	114566
CSAU	14060
CSCA	113656
CSUS	33407
CSUK	7063
CSUS	54467
CSUS	8564
CSUS	37393
CSUS	22357
CSUS	8106
CSUK	18042
CSUS	9796
CSUS	147518
CSUS	123620
CSUS	43073
CSUS	23787
CSUS	53360
CSUS	2380
CSUS	20325
CSUS	55052
CSUS	164
CSUS	11790
CSUS	36434
CSUK	15785
CSUK	28367
CSUK	2534
CSUK	553
CSUK	2012
CSUK	33221
CSUK	11730
CSUS	1828
CSUS	2038
CSUS	4449
CSUS	6612
CSUS	9626
CSUS	12560
CSUS	121517
CSUS	16003
CSUS	18596
CSUS	23581
CSUS	26588
CSUS	31112
CSUS	78287
CSUS	32705
CSUS	77303
CSUK	940
CSUS	15325
CSAU	13390
CSUS	6862
CSUS	3973
CSUK	1909
CSUS	3491
CSUK	3846
CSUS	19499
CSUS	36964
CSUS	63317
CSUS	5826
CSUS	12725
CSUS	25073
CSUS	106826
CSUS	6661
CSCA	114733
CSUS	8190
CSUK	7403
CSUS	27849
CSUK	9305
CSUK	286
CSUK	554
CSUK	24233
CSUK	31994
CSUK	5219
CSUS	6189
CSUS	1542
CSUS	2083
CSUS	36669
CSUS	10845
CSUS	11915
CSUS	18831
CSUS	24622
CSUS	29300
CSAU	7271
CSCA	111057
CSUS	148022
CSUK	2477
CSUS	35581
CSUS	20329
CSUK	3974
CSUS	37533
CSUS	3899
CSUK	4735
CSUS	4270
CSAU	15827
CSUS	11039
CSUS	35447
CSUS	15270
CSCA	115106
CSUS	32111
CSUS	83816
CSUK	2692
CSUS	7216
CSUS	11088
CSUS	3000
CSUS	35330
CSUK	13972
CSUK	15369
CSUK	2911
CSUK	6006
CSUS	38832
CSUS	2964
CSUS	18117
CSUS	12971
CSUS	16404
CSUS	37094
CSUS	36512
CSUS	33173
CSUS	36748
CSUS	7240
CSUS	33763
CSUS	30308
CSUS	19466
CSUS	5712
CSAU	14188
CSUS	7684
CSUK	9380
CSAU	7731
CSUS	25355
CSUS	23396
CSUS	147521
CSUS	87743
CSUS	32832
CSUK	2419
CSUS	8284
CSUS	21532
CSUK	12495
CSUK	3416
CSUS|CSFR	7|22093
CSUS	383
CSUS	889
CSUS	3438
CSUS	1181
CSUS	6297
CSUS	35047
CSUS	17271
CSUS	19957
CSUS	116678
CSUS	8099
CSUS	10145
CSUS	12624
CSUS	37005
CSUS	37472
CSUS	129467
CSUS	23303
CSUS	131654
CSUS	147626
CSUS	29279
CSUK	9504
CSUS	32014
CSUS	15074
CSUS	37757
CSUK	1331
CSUS	8874
CSUS	1190
CSUS	23461
CSUK	19099
CSUS	17553
CSUS	64
CSUK	21896
CSUS	20822
CSUK	45035
CSUS	9327
CSUS	67424
CSUS	20057
CSUS	18772
CSUK	1010
CSUK	362
CSUK	1550
CSUK	15174
CSUK	15344
CSUK	45140
CSUK	2141
CSUK|CSUS	7814|106127
CSUK	462
CSUS	16848
CSUS	5986
CSUS	18988
CSUS	8137
CSUS	39736
CSUS	9921
CSUS	11018
CSUS	12078
CSUS	12928
CSUS|CSAU	21780|7031
CSUS	26750
CSUS	29565
CSUS	88613
CSUS	70217
CSUS	88145
CSAU	7071
CSAU	14981
CSAU	14236
CSAU	18701
CSCA	110279
CSCA	114957
CSCA	114965
CSUS	20249
CSUS	5379
CSUS	19314
CSAU	8669
CSUS	10166
CSUS	17816
CSAU	11603
CSUS	317
CSUS	12765
CSUS	1240
CSUS	590
CSUK	8780
CSUS	19488
CSUK	7896
CSUS	14218
CSUS	90002
CSUS	5401
CSUS	18451
CSUS	36454
CSUS	4552
CSUS	18476
CSUK	41
CSUK	811
CSUK	1417
CSUK	1433
CSUK	3050
CSUK	4663
CSUK	13373
CSUK	17178
CSUS	30
CSUS	6345
CSUS	708
CSUS	38536
CSUS	1087
CSUS	1146
CSUS	3453
CSUS	1525
CSUS	1789
CSUS	12199
CSUS	6113
CSUS	5894
CSUS	7712
CSUS	4336
CSUS	4848
CSUS	9742
CSUS	13605
CSUS	12523
CSUS	13410
CSUS	16618
CSUS	41016
CSUS	10103
CSUS	32865
CSUS	66368
CSAU	14352
CSAU	16184
CSUS	13963
CSUS	10893
CSAU	14609
CSUS	17881
CSUK	1141
CSUS	6640
CSUS	963
CSUS	24640
CSUS	36574
CSAU	11127
CSUS	20804
CSUS	15431
CSAU	7574
CSUS	40070
CSUS	19246
CSUK	12278
CSUS	2605
CSAU	10244
CSUS	403
CSUS	13010
CSUS	16846
CSUK	6980
CSUK	39349
CSUS	1768
CSUK	3414
CSCA	116825
CSUS	16570
CSUK	1733
CSUK	16232
CSUK	15355
CSUK	16532
CSUK	2302
CSUK	3290
CSUK	16712
CSUK	447
CSUS	595
CSUS	19272
CSUS	2638
CSUS	6679
CSUS	9764
CSUS	11211
CSUS	11473
CSUS	12862
CSUS	15327
CSUS	15903
CSUS	38136
CSUS	88616
CSAU	7846
CSAU	10555
CSAU	10947
CSAU	14391
CSAU	14935
CSAU	14378
CSCA	112528
CSUS	29657
CSUS	22372
CSUS	6648
CSUS	18060
CSUK	1361
CSUS	12643
CSUS	22055
CSUS	34421
CSUS	34260
CSUS	4570
CSUS	27130
CSUK	1484
CSUK	859
CSUS	9735
CSUS	91
CSUS	52709
CSUS	473
CSUS	37337
CSCA	110057
CSUS	55868
CSUS	16010
CSAU	31016
CSUS	1095
CSUS	7756
CSUS	12279
CSUS	40484
CSUS	39158
CSUS	5446
CSUK	8061
CSUK	488
CSUK	515
CSUK	830
CSUK	1204
CSUK	1703
CSUK	1737
CSUK	13271
CSUK	13587
CSUK	49970
CSUK	17865
CSUK	18201
CSUK	19091
CSUK	29507
CSUK	40295
CSUK	3720
CSUK	4017
CSUK	5143
CSUK	9148
CSUK	8864
CSUK	17621
CSUS	192
CSUS	4045
CSUS	3808
CSUS	1130
CSUS	16843
CSUS	17714
CSUS	44834
CSUS	4969
CSUS	6668
CSUS	7867
CSUS	8012
CSUS	8694
CSUS	10852
CSUS	11344
CSUS	12173
CSUS	13177
CSUS	14476
CSUS	17844
CSUS	53504
CSUS	25563
CSUS	19602
CSUS	7585
CSUS	89663
CSUS	27022
CSUS	30378
CSUS	37743
CSUS	35769
CSUS	112235
CSUS	110441
CSAU	7408
CSAU	15878
CSAU	8073
CSAU	10476
CSAU	13439
CSCA	115280
CSUK	1285
CSUK	1199
CSUS	7808
CSUS	5639
CSUK	50753
CSCA	112447
CSAU	7064
CSCA	114691
CSUS	20458
CSUS	1385
CSUK	6265
CSUS	17953
CSCA	115132
CSUS	17210
CSUK	2880
CSUS	20858
CSUS	6310
CSUK	11626
CSAU	9469
CSUS	19068
CSCA	114107
CSUS	9757
CSUS	19386
CSUS	29438
CSUS	132875
CSUK	127
CSUK	3348
CSUK	18876
CSUK	17026
CSUK	813
CSUS	20705
CSAU	6958
CSUK	959
CSUK	49112
CSUK	529
CSUK	625
CSUK	22940
CSUK	1512
CSUK	1720
CSUK	15485
CSUK	16163
CSUK	20068
CSUK	30611
CSUK	30758
CSUK	1954
CSUK	2130
CSUK	3663
CSUK	3847
CSUK	4689
CSUK	4786
CSUK	7825
CSUK	7226
CSUS	3504
CSUS	3745
CSUS	3557
CSUS	143009
CSUS	3323
CSUS	8710
CSUS	8774
CSUS	9127
CSUS	9709
CSUS	9740
CSUS	9788
CSUS	81116
CSUS	10455
CSUS	10912
CSUS	34950
CSUS	14695
CSUS	17526
CSUS	18228
CSUS	4588
CSUS	20382
CSUS	21107
CSUS	34781
CSUS	29579
CSUS	25734
CSUS	28307
CSUS	33193
CSUS	35897
CSUS	36215
CSAU	9390
CSAU	15479
CSCA	115898
CSIN	38645
CSUS	5700
CSUS	15657
CSCA	113297
CSUS	25679
CSUS	125339
CSUK	13996
CSUS	11859
CSUS	31077
CSUS	5028
CSUS	147368
CSUS	40667
CSUS	21856
CSUS	33449
CSUS	15957
CSUS	9835
CSUS	4000
CSUK	707
CSUS	11931
CSUS	2498
CSUS	6974
CSUS	6443
CSUK	18712
CSUK	5403
CSUS	15049
CSAU	13382
CSUK	40961
CSUS	8590
CSUK	16229
CSUS	17229
CSUS	24182
CSUS	6933
CSUS	85538
CSUS	281
CSUK	7738
CSUK	273
CSUK	487
CSUK	516
CSUK	545
CSUK	1216
CSUK	1275
CSUK	1413
CSUK	1705
CSUK	13796
CSUK	42764
CSUK|CSUS	12552|106133
CSUK	17074
CSUK	15343
CSUK	25439
CSUS	3826
CSUK	16308
CSUK	40427
CSUK	45266
CSUK	15888
CSUK	3463
CSUK	4641
CSUK	4933
CSUK	5327
CSUK	5331
CSUK	6541
CSUK	8470
CSUK	8921
CSUK	8939
CSUK	8987
CSUK	9544
CSUK	16818
CSUK	16335
CSUK	16484
CSUS	112
CSUS	3589
CSUS	440
CSUS	1740
CSUS	1765
CSUS	2595
CSUS	5002
CSUS|CSFR	119555|27020
CSUS	7168
CSUS	8135
CSUS	11900
CSUS	9744
CSUS	9897
CSUS	10353
CSUS	10779
CSUS	11124
CSUS	12376
CSUS	13246
CSUS	15038
CSUS	15240
CSUS	15624
CSUS	16177
CSUS	19031
CSUS	20100
CSUS	19486
CSUS	20646
CSUS	21480
CSUS	21734
CSUS	27896
CSUS	33459
CSUS	40966
CSUS	36722
CSAU	7059
CSAU	7984
CSAU	14773
CSAU	13774
CSAU	24548
CSAU	13959
CSCA	110194
CSCA	110289
CSCA	115158
CSUS	21746
CSUS	37222
CSUS	11368
CSUS	21167
CSUS	31165
CSUS	147743
CSUS	28464
CSUS	34620
CSUK	2791
CSUS	41339
CSUS	24204
CSAU	15614
CSUK	12556
CSUK	15963
CSUS	34927
CSUK	2404
CSUS	40122
CSUS	18264
CSUK	294
CSIN	39793
CSCA	110775
CSUK	95
CSUK	937
CSUK	1013
CSUK	193
CSUK	240
CSUK	291
CSUK	319
CSUK	408
CSUK	800
CSUK	850
CSUK	1271
CSUK	15448
CSUK	15982
CSUK	2058
CSUK	38120
CSUK	38600
CSUK	1820
CSUK	1824
CSUK	1826
CSUK	1985
CSUK|CSDE	2123|35039
CSUK	2685
CSUK	17414
CSUK	2819
CSUK	7702
CSUK	3628
CSUK	7272
CSUK	3931
CSUK	3955
CSUK	7498
CSUK	6499
CSUK	4332
CSUK|CSUS	5052|106454
CSUK	7780
CSUK	44183
CSUK	22181
CSUK	7987
CSUK	9043
CSUK	42884
CSUK	17608
CSUK	8486
CSUK	8591
CSUK	9012
CSUK	9199
CSUK	9463
CSUK	10489
CSUK|CSUS	10984|106331
CSUK	20588
CSUK	11400
CSUK	11654
CSUK	2008
CSUS	182
CSUS	117779
CSUS	17143
CSUS	2721
CSUS	2769
CSUS	3147
CSUS	4171
CSUS	5376
CSUS	5663
CSUS	6412
CSUS	7242
CSUS|CSDE	16739|12785
CSUS	8233
CSUS	8490
CSUS	9010
CSUS	17136
CSUS	9829
CSUS	10034
CSUS	12120
CSUS	14844
CSUS	41303
CSUS	15902
CSUS	147587
CSUS	16205
CSUS	19029
CSUS	20541
CSUS	146975
CSUS	22158
CSUS	23622
CSUS	51848
CSUS	36802
CSUS	34763
CSUS	92423
CSUS	35845
CSUS	36219
CSUS	62045
CSUS	111422
CSUS	114803
CSAU	6979
CSAU	7049
CSAU	9103
CSAU	10834
CSAU	14925
CSAU	15608
CSAU	31550
CSIN	35390
CSCA	110654
CSCA	115895
CSCA	114000
CSUK	4643
CSUK	7350
CSUS	15613
CSUS	147494
CSUK	2808
CSUS	24248
CSUK	19816
CSUS	20785
CSUK	11848
CSAU	11269
CSUS	10506
CSAU	36746
CSUK	50891
CSUK	5123
CSUS	40826
CSUS	37261
CSUK	2403
CSUK	1621
CSUK	2206
CSUK	8930
CSUS	31595
CSUK	17
CSUK	40
CSUK	1914
CSUK	121
CSUK	137
CSUK	221
CSUK	222
CSUK	165
CSUK	171
CSUK	209
CSUK	244
CSUK	6890
CSUK	317
CSUK	327
CSUK	329
CSUK	436
CSUK	452
CSUK	508
CSUK	555
CSUK	664
CSUK	1605
CSUK	735
CSUK	794
CSUK	795
CSUK	3858
CSUK	1122
CSUK	1366
CSUK	1551
CSUK	1697
CSUK	17056
CSUK	18028
CSUK	12479
CSUK	16048
CSUK	25061
CSUK	13369
CSUK	16311
CSUK	13497
CSUK	13774
CSUK	16881
CSUK	19819
CSUK	25328
CSUK	4100
CSUK	16412
CSUK	16688
CSUK	17618
CSUK	20845
CSUK	27716
CSUK	27914
CSUK	28505
CSUK	30236
CSUK	44825
CSUK	36263
CSUK	39005
CSUK	39026
CSUK	40325
CSUK	41219
CSUK	43376
CSUK	43628
CSUK	1843
CSUK	1894
CSUK	1898
CSUK	2021
CSUK	2086
CSUK	2136
CSUK	2178
CSUK	2243
CSUK	2299
CSUK	2407
CSUK	2448
CSUK	2475
CSUK	13119
CSUK	2761
CSUK	2773
CSUK	2869
CSUK	2903
CSUK	2929
CSUK	3238
CSUK	3918
CSUK	14038
CSUK	3937
CSUK	7504
CSUK	4163
CSUK	11316
CSUK	4339
CSUK	4859
CSUK	4881
CSUK	4892
CSUK	5065
CSUK	5341
CSUK	5583
CSUK	5608
CSUK	5867
CSUK	5883
CSUK	5955
CSUK	5988
CSUK	6111
CSUK	6310
CSUK	16243
CSUK	6600
CSUK	7007
CSUK	7105
CSUK	7351
CSUK	7375
CSUK	7392
CSUK	7426
CSUK	16579
CSUK	7912
CSUK	8272
CSUK	53
CSUK	2827
CSUK	4269
CSUK	8446
CSUK	8472
CSUK	8592
CSUK	9369
CSUK	8705
CSUK	9415
CSUK	19712
CSUK	9223
CSUK|CSAU	10508|32852
CSUK	10515
CSUK	11439
CSUK	11850
CSUK	1570
CSUK	16713
CSUK	19245
CSUS	3003
CSUS	770
CSUS	3475
CSUS	1028
CSUS	4038
CSUS	1414
CSUS	14122
CSUS	5985
CSUS	35915
CSUS	5939
CSUS	2677
CSUS	4296
CSUS	16685
CSUS	7438
CSUS	9958
CSUS	10357
CSUS	10465
CSUS	13460
CSUS	19651
CSUS	23726
CSUS	30814
CSUS	57563
CSUS	112622
CSAU	6925
CSAU	7042
CSAU	19811
CSAU	7349
CSAU	7690
CSAU	9063
CSAU	7938
CSAU	14795
CSAU	12469
CSAU	9253
CSAU	9263
CSAU	9717
CSAU	14213
CSAU	24545
CSAU	14613
CSAU	11805
CSAU	6919
CSAU	13434
CSAU	12123
CSAU	12373
CSAU	13787
CSAU	14457
CSIN	35246
CSIN	37634
CSIN	37415
CSCA	110377
CSIN	39557
CSCA	110680
CSCA	110713
CSIN	40619
CSIN	50738
CSCA	111313
CSCA	113050
CSCA	115910
CSUS	8613
CSUS	36655
CSUK	3956
CSUK	74
CSUK	2237
CSUK	7097
CSUK	17971
CSUS	147806
CSUK	40331
CSUK	2205
CSUK	11744
CSUK	1397
CSUK	15166
CSUK	17213
CSUK	13626
CSAU	7037
CSUK	3725
CSAU	33149
CSUK	50810
CSUK	148
CSUK	1788
CSUK	1123
CSAU	13689
CSUS	149777
CSUS	150320